C(Treatment),C(Group),C(Treatment):C(Group),6OH_a,6OH_b,veh_a,veh_b,Type,Parameter,Method,Group
0.03605676087630282,0.8126583225712235,0.9894967810802929,201.0635550416171,205.9297804716076,244.53360741559172,248.8844679939092,bend,angle change,sum,bend left vs bend right
0.5767136172942549,0.8374730624922689,0.5875544860934249,1.0936549305476493,1.153276557087771,1.0923077055887178,1.0601367457735618,bend,angle change,mean,bend left vs bend right
0.8089106228810429,0.511408293230328,0.7880434924995205,0.6239978481986137,0.6401393237376373,0.6229306227095822,0.6602794202274599,bend,angle change,std,bend left vs bend right
0.16167346804126037,0.2159154191355949,0.4397297502333376,3.626687614140841,3.8209491269503495,3.8628343032388863,4.6191363473043685,bend,angle change,max,bend left vs bend right
0.030260001363024158,0.25817167091814597,0.6534428473937046,15.731428571428571,13.78857142857143,18.023333333333333,17.201666666666664,bend,dur,sum,bend left vs bend right
0.06132883415742076,0.029622916701147917,0.6011169466328821,0.08726521390502127,0.07711803997647391,0.07822551997191317,0.07191086719468735,bend,dur,mean,bend left vs bend right
0.2913193272664122,0.2364064142428273,0.8789669078444685,0.04219647804942341,0.038007076842068714,0.03837969438730413,0.0351423440548617,bend,dur,std,bend left vs bend right
0.6768042034189439,0.31277971345990585,0.819337377225676,0.23285714285714285,0.25142857142857145,0.22999999999999998,0.24166666666666667,bend,dur,max,bend left vs bend right
0.5881029833773993,0.2314722336642811,0.42745085962555274,13.201636266246613,15.302265188371683,14.647453955496205,15.026680597048736,bend,angular velocity,mean,bend left vs bend right
0.020952409977781677,0.8135750446221531,0.584630496902051,7.1360863446242035,6.83745170077854,9.240770496404272,10.150770600431608,bend,angular velocity,std,bend left vs bend right
0.01921310984610345,0.7444109576690576,0.4991827416247171,42.28597304872253,36.394586711284624,77.80665313784489,98.45162283685737,bend,angular velocity,max,bend left vs bend right
0.025107801288378848,0.9658859219072092,0.7467069344265768,186.85714285714286,180.85714285714286,235.0,244.16666666666666,bend,,count,bend left vs bend right
0.3718343220019017,0.0023260485950898874,0.7752259959517829,97.09514390328572,66.11518410783853,108.84858272425943,72.20924948592499,recoil,angle change,sum,bend left vs bend right
0.55539856004385,0.5175621605508347,0.4664731797011269,1.0955145421066346,1.0983275140118283,1.1096301543097977,0.9653729291737397,recoil,angle change,mean,bend left vs bend right
0.4330232257014547,0.08111958436479413,0.33495638773898684,0.5591516491458638,0.6872696509306083,0.5679245702369271,0.6036085918097536,recoil,angle change,std,bend left vs bend right
0.851759106000884,0.9983358551348336,0.3183768105228822,2.8127006950628624,3.011133971309448,2.988248109888197,2.755780936020141,recoil,angle change,max,bend left vs bend right
0.46244343124292653,4.836650179736888e-06,0.49829849555349337,9.435714285714287,5.61,9.47,6.44,recoil,dur,sum,bend left vs bend right
0.07634279401933018,0.10431499539622824,0.9109072244727604,0.10599173728803149,0.09678592156410522,0.09584632421983581,0.08532553823632043,recoil,dur,mean,bend left vs bend right
0.2145866565037443,0.46915836378618203,0.38309278025525473,0.0458865450750413,0.05124922341728534,0.0445494570367617,0.04377719596354022,recoil,dur,std,bend left vs bend right
0.3823327342790812,0.8704001579161331,0.8601263466919807,0.22999999999999998,0.22999999999999998,0.21999999999999997,0.21499999999999997,recoil,dur,max,bend left vs bend right
0.510309481627925,0.9818420104518514,0.380318429156972,10.697818484782658,11.549336438577479,12.266285671976421,11.322701527448153,recoil,angular velocity,mean,bend left vs bend right
0.08458853365942996,0.6234682675158258,0.3899614790674151,5.38635096337522,5.679226486173699,7.896406942042759,6.548459885146461,recoil,angular velocity,std,bend left vs bend right
0.10737955756011627,0.18000690886603343,0.5497612570116945,33.21622695550138,26.334910778625524,52.40219815984511,35.324485116112406,recoil,angular velocity,max,bend left vs bend right
0.04242176955803385,0.00045984821410164923,0.7416318049548182,89.0,59.142857142857146,101.33333333333333,76.0,recoil,,count,bend left vs bend right
0.47070685063989337,2.3455799251448067e-08,0.33797524538213175,24.93137747097375,6.1306506113302115,21.47869100531467,6.625383500325363,step,step length,sum,HT vs MT
0.06921040287840852,0.1155106988736791,0.9049603446471127,0.1975745178069978,0.25146410626714555,0.14231773987932686,0.18874851040225646,step,step length,mean,HT vs MT
0.0914607715773982,0.9095890794888268,0.270088640539944,0.08602326918338121,0.07900276371304542,0.06415485536262645,0.07421912832804095,step,step length,std,HT vs MT
0.05820500440316627,0.18161340131133605,0.357187515258203,0.4962744685496499,0.4017380053882052,0.37244558163704794,0.3571680836481211,step,step length,max,HT vs MT
0.19587781321284733,0.04130262017361734,0.9669988063039062,0.2556575660131743,0.3434954931383222,0.20406036018813442,0.2885561323844274,step,speed change,mean,HT vs MT
0.23047092566657665,0.7704114692797897,0.8341844705254532,0.15052556793374844,0.13786054454820468,0.11318233584520648,0.11146513531308448,step,speed change,std,HT vs MT
0.16892483291609786,0.30015221086957616,0.5473145163969841,1.0934065462022384,0.7351088874246121,0.644220857537763,0.5559326953676037,step,speed change,max,HT vs MT
0.3016309555686678,0.966661215735744,0.8986031133364526,0.3643544521555476,0.35409451172643897,0.2887965135102164,0.2949517820717444,step,velocity change,mean,HT vs MT
0.2067641592891681,0.3359427957949689,0.9620206579115707,0.21015187897706972,0.17836797658510323,0.16833139789767285,0.13953365269397558,step,velocity change,std,HT vs MT
0.317245391594439,0.043458200009476484,0.9232998655809266,1.2890698295685696,0.7883032354016939,1.0369601030382418,0.5800068481888061,step,velocity change,max,HT vs MT
0.26061861397648395,0.42325775720963565,0.7547279749362252,2.9141444911124177,3.3381483244610353,2.592634485077021,2.7739966860445757,step,accel,mean,HT vs MT
0.6453381962057372,0.009647415540224462,0.5318385600369648,2.308241785250187,1.470573539852166,2.3712856264307542,1.0584767132761324,step,accel,std,HT vs MT
0.9209777407264759,0.00022699112823183065,0.5580818857398993,20.81926457540455,7.408637966320884,23.24794367317389,5.6811913615372704,step,accel,max,HT vs MT
0.5947312590610292,1.1269518497636003e-13,0.5464215869992484,62.23285714285715,11.620000000000001,62.01166666666668,15.123333333333335,step,step dur,sum,HT vs MT
0.0178193850736224,0.2037298617308034,0.8531720807207811,0.4735256657831723,0.5285799319727891,0.38516359711739095,0.4262758569739953,step,step dur,mean,HT vs MT
0.11927791814468645,0.33410713879649157,0.49893880430862236,0.17860024102940972,0.157313079880743,0.14825288503126297,0.14504228474424727,step,step dur,std,HT vs MT
0.58660549485003,0.12076746864017315,0.5187628625333608,0.9985714285714284,0.8514285714285714,0.9183333333333333,0.8583333333333334,step,step dur,max,HT vs MT
0.044484280094996165,1.6155894919594543e-16,0.17513437369254758,82.83864351637193,5.479547271473814,96.00465432366532,8.201114015900146,step,turn angle,sum,HT vs MT
0.5974733289943678,1.3449812430915103e-07,0.830649226690935,0.6839483427777792,0.23093734446422834,0.7025318109493371,0.2747075081258566,step,turn angle,mean,HT vs MT
0.2879251174520293,0.00010328934372907609,0.3487923648288398,0.5126109752294911,0.2488298604469867,0.6537298790839748,0.2579105901228137,step,turn angle,std,HT vs MT
0.07333064058717864,7.41190814945895e-05,0.05902662651593782,2.939666337737125,1.1253127436147277,5.275878927941277,1.05860925372081,step,turn angle,max,HT vs MT
0.0327957608500847,5.999768844963162e-16,0.22693874460143698,7.734285714285714,0.7928571428571429,8.983333333333334,1.1600000000000001,step,turn dur,sum,HT vs MT
0.15295848017003713,8.788722285290229e-08,0.4473993383011349,0.06371990163077479,0.04451813253625836,0.06531640977140007,0.0496096834763163,step,turn dur,mean,HT vs MT
0.14779297538335476,0.0006912094760626893,0.9291494601095627,0.020922047441691984,0.011312028871900729,0.024297079211884134,0.015117561873992949,step,turn dur,std,HT vs MT
0.13105055271064023,0.00013541232564529587,0.32040271787810276,0.13428571428571429,0.07428571428571429,0.17666666666666667,0.08333333333333333,step,turn dur,max,HT vs MT
0.9165112142086416,0.40500945480042483,0.6908859516068997,1.7553237428780928,1.8278373625015158,1.6775539853085972,1.8732017687106728,step,turn angular velocity,mean,HT vs MT
0.2432005525841276,0.5615886961054466,0.7384431576103037,1.1306828893844136,0.7214041572608225,1.5223271037989958,1.4206752340171533,step,turn angular velocity,std,HT vs MT
0.28584854182324204,0.03295210236699688,0.9108526534011556,11.138611857768993,3.341932054499327,15.48681949532098,6.8741938549521295,step,turn angular velocity,max,HT vs MT
0.9895785073668374,0.0038810825577330088,0.6779167026849697,1.254115638772994,0.9008178448863903,1.2115787950446846,0.9407656513509411,step,bend angle reached,mean,HT vs MT
0.5189989467520602,2.0521144198932897e-05,0.911305541216467,0.592091608089139,0.34850357686447275,0.6162176686291,0.3826476701518564,step,bend angle reached,std,HT vs MT
0.32580028339392075,1.4868178591932281e-05,0.7548405329035186,3.1460909894435476,1.8822372448018103,3.466082961764252,2.049073498768108,step,bend angle reached,max,HT vs MT
0.7452743976732559,0.4836891144308876,0.3098379874798684,2.4979314114737545,2.438326188772607,2.328024353532319,2.765566828788572,step,bend angle traveled,mean,HT vs MT
0.122804642453223,0.007255161590124896,0.09231232651047425,1.0031216975478372,0.5848829529410932,0.9889324427805125,0.8925119882068344,step,bend angle traveled,std,HT vs MT
0.02077658823403307,0.015393022753476973,0.1770191031738716,6.240241018835656,4.032800717377627,6.859600604786627,6.228316330657571,step,bend angle traveled,max,HT vs MT
0.5139702757802806,0.04417044443187892,0.37451841118147067,18.426023303221992,20.645863512789592,18.00831374133071,23.34374116115686,step,bend angular velocity,mean,HT vs MT
0.019738474579287506,0.7739205541694547,0.19710555826822893,5.98561178441617,4.098300794355838,8.368720606351387,11.834802011977999,step,bend angular velocity,std,HT vs MT
0.027805620933452083,0.49422193915003265,0.9769044902351454,43.649904197324204,29.18020361959319,90.39702611953844,77.10399528927941,step,bend angular velocity,max,HT vs MT
0.6510456563457228,0.22780776978390901,0.05143034512862412,0.17250272179330944,0.16803401360544212,0.15556615882762234,0.17880298004493192,step,bend dur,mean,HT vs MT
0.09277250138276905,8.46869136109673e-09,0.04375732223159761,0.05942283379716873,0.023123611365317598,0.05815229735527543,0.0360839917079445,step,bend dur,std,HT vs MT
0.058341853468221856,2.369109431543827e-05,0.09495801041605102,0.34714285714285714,0.22285714285714286,0.3516666666666666,0.29000000000000004,step,bend dur,max,HT vs MT
0.30832775770794874,0.467940256536409,0.8719481582623435,0.36246364503342143,0.3442181514809041,0.33506599393156544,0.30666403228348105,step,bend pos,mean,HT vs MT
0.45702436581518957,0.0007849842009166053,0.2885094645957813,0.16840799571286658,0.10527019550697767,0.16413462187624298,0.12911721296925183,step,bend pos,std,HT vs MT
0.5205260699375057,0.000462678283127715,0.35875728909882243,0.6942757999095905,0.5626535913471314,0.6867326907503828,0.6048411273514959,step,bend pos,max,HT vs MT
0.08188623114778266,6.550685092523331e-09,0.3631636559666367,136.42857142857142,24.285714285714285,174.0,36.5,step,,count,HT vs MT
0.3328770127693421,0.04523604288398068,0.8886738733674507,11.136829287436504,16.367534873708355,9.162060653311068,13.733603887856022,step,step length,sum,turn left vs turn right
0.09216692676609772,0.9944767942977798,0.9798405855392375,0.20498116643906727,0.2059483446357306,0.150085358370424,0.1494354695501605,step,step length,mean,turn left vs turn right
0.025809248860293083,0.18173268001825416,0.4705163932538412,0.09606699474331497,0.07846510425434929,0.06927189567613957,0.06426269774356225,step,step length,std,turn left vs turn right
0.07628929038204169,0.41796217468435737,0.5750564898690047,0.4668016113708728,0.40050288066168915,0.3473559313594771,0.3370222826138097,step,step length,max,turn left vs turn right
0.19836100708772755,0.900047109461523,0.7377722818008721,0.2708642937939065,0.2640075121878958,0.20957335732748308,0.22767500103163094,step,speed change,mean,turn left vs turn right
0.2467755346625746,0.3765709795951693,0.420922626692547,0.17474668748684488,0.12559866436820963,0.11512312889198141,0.11463165218762746,step,speed change,std,turn left vs turn right
0.16715252745944653,0.38990067738302925,0.36523613158583235,1.086691882326588,0.7104609143751274,0.5743249608051438,0.6007010326256627,step,speed change,max,turn left vs turn right
0.3438117077892169,0.9862669082328617,0.9156972297263809,0.3877266432957942,0.38262755773338764,0.32048190433818124,0.3287843099059107,step,velocity change,mean,turn left vs turn right
0.1857962118841714,0.6584797260029864,0.5552184638549473,0.21545654367678463,0.17678851431744186,0.1394592492579493,0.14713458695488335,step,velocity change,std,turn left vs turn right
0.2530482946538605,0.6875694389648463,0.4415687892134056,1.28243996664092,1.020929931306181,0.8293279104952522,0.9306437685094808,step,velocity change,max,turn left vs turn right
0.34166104465043656,0.6726063436858436,0.3692660309944342,3.2363584239179515,2.7808592354110004,2.5606852672375795,2.7610887511062465,step,accel,mean,turn left vs turn right
0.9616375144910458,0.26511784495972107,0.030970579055744785,3.147474405188002,1.2766980804986285,1.855718787791704,2.624153979018652,step,accel,std,turn left vs turn right
0.49863666919981686,0.5328283955187079,0.005200625659571103,20.81926457540455,7.822449579978889,11.842838400258222,21.915596862144486,step,accel,max,turn left vs turn right
0.6514428227302226,0.0009389295104694639,0.6421859305003889,25.632857142857144,39.787142857142854,25.676666666666666,36.68666666666666,step,step dur,sum,turn left vs turn right
0.05902766310821277,0.9135798265701146,0.7966501601324725,0.4731509573807243,0.4874956580445768,0.40227894578841106,0.3952569317558703,step,step dur,mean,turn left vs turn right
0.037537578908830846,0.4565431677399785,0.8008763000703765,0.1866475906961935,0.17294882157728717,0.1525319374407171,0.14588854575382826,step,step dur,std,turn left vs turn right
0.348983943480377,0.449600720979475,0.9525173966804228,0.9657142857142856,0.9071428571428573,0.8933333333333332,0.8433333333333334,step,step dur,max,turn left vs turn right
0.11163335764183642,0.0022521860990872794,0.6564806622885448,36.73093006463382,51.2393296098575,42.50987352118153,61.33766296249954,step,turn angle,sum,turn left vs turn right
0.9273694627855155,0.924489653086777,0.8067990008671999,0.6621947603579434,0.6402675043907962,0.6516856811902336,0.663254130686021,step,turn angle,mean,turn left vs turn right
0.27677454481990865,0.5992900796901209,0.3696822704400461,0.5832395527614771,0.45543788705925514,0.6017489597074076,0.6439559585644447,step,turn angle,std,turn left vs turn right
0.03174857669797141,0.6041983455883002,0.3178608063198461,2.6529479835150096,2.355099693103624,3.556538690186184,4.711528394729947,step,turn angle,max,turn left vs turn right
0.08214245449907802,0.0009015822191088173,0.6939022591510202,3.4971428571428573,5.029999999999999,4.128333333333335,6.0150000000000015,step,turn dur,sum,turn left vs turn right
0.4932538046716004,0.7467322041043087,0.816978717365825,0.06145978545415418,0.06168885648438767,0.062424203472296415,0.06363001866838798,step,turn dur,mean,turn left vs turn right
0.350987430390045,0.8239062078244138,0.45447357719633463,0.021855820069252147,0.020669028246324,0.02233084093537688,0.024922387089558084,step,turn dur,std,turn left vs turn right
0.17202150122309526,0.23077080868629862,0.3069242552652633,0.12571428571428572,0.13,0.13166666666666668,0.17,step,turn dur,max,turn left vs turn right
0.7028918405335838,0.3904425596434037,0.9168229832981338,1.8032052826626186,1.7099997988031035,1.7694795184564365,1.650895984563416,step,turn angular velocity,mean,turn left vs turn right
0.1791118418554651,0.15208603101661963,0.6913176450497112,1.3452032485370717,0.6221415806396748,1.7302074521714486,1.3215382542630045,step,turn angular velocity,std,turn left vs turn right
0.16803003107199732,0.3049775469287837,0.42336130751763,10.823543554067943,4.19279595616464,13.069462374833487,12.448296909248485,step,turn angular velocity,max,turn left vs turn right
0.7549908729562337,0.799922402264541,0.46410153760490214,1.3479965990518374,1.257494808239112,1.2462219948133626,1.2986530089908062,step,bend angle reached,mean,turn left vs turn right
0.746201980158125,0.12567433948381151,0.41872816794900947,0.612708149214978,0.5137427094823968,0.5917864962356152,0.5622938654317079,step,bend angle reached,std,turn left vs turn right
0.47211611127171227,0.848125035249419,0.034865219972740426,3.075588333070361,2.830266426275007,2.877883983596565,3.218640451025493,step,bend angle reached,max,turn left vs turn right
0.7138775548502818,0.936810611713896,0.9198654702825538,2.5938122566230315,2.5973053289089565,2.5264515453351613,2.4791025845760006,step,bend angle traveled,mean,turn left vs turn right
0.883833845282409,0.09338018301674042,0.689387610062595,1.0336160718792304,0.8655035851245266,1.0132456917401071,0.909289676141874,step,bend angle traveled,std,turn left vs turn right
0.3251206312152158,0.7723265439672345,0.4902463472979167,5.652647494758005,5.488294225083272,5.793522593507138,6.2777040625852045,step,bend angle traveled,max,turn left vs turn right
0.9952395843894383,0.9858839604390186,0.7974418398669683,19.102903885355538,19.494504321207963,19.57188489173558,19.04681607493448,step,bend angular velocity,mean,turn left vs turn right
0.21335956154188943,0.6612917842353867,0.8205820627181318,5.581104859205751,5.845489930656128,6.785442630380653,7.575359960825825,step,bend angular velocity,std,turn left vs turn right
0.24437884743618768,0.31128135453244793,0.5889650393841912,34.78192857508018,41.61681873028145,43.18100004487047,64.23622865077373,step,bend angular velocity,max,turn left vs turn right
0.09642773545868483,0.27116687108004994,0.5266068511622675,0.17044787611503903,0.18159996942921555,0.1633565490729243,0.16616182140757238,step,bend dur,mean,turn left vs turn right
0.9133106515068915,0.4303695814070716,0.5195398837295847,0.059533569806669226,0.05372931014473759,0.05728471361883283,0.056887920539614195,step,bend dur,std,turn left vs turn right
0.7857192309240763,0.8973511964972585,0.3217935107912054,0.3314285714285714,0.31714285714285717,0.3183333333333333,0.34,step,bend dur,max,turn left vs turn right
0.3656945310769899,0.7136593863273584,0.5242459216701849,0.3904060513667666,0.38367072606703223,0.34374450145756175,0.37545655519998683,step,bend pos,mean,turn left vs turn right
0.5630658109183684,0.09399987159378985,0.9949253719133185,0.15583638397968308,0.13522066782271813,0.16267357824529813,0.14220933219672285,step,bend pos,std,turn left vs turn right
0.7539140370490293,0.10921337219897687,0.8390733116607854,0.6887693001275819,0.6612979297893664,0.6904276724898857,0.6690457696190893,step,bend pos,max,turn left vs turn right
0.1370872806614467,0.002457509937076788,0.7495637507667728,57.142857142857146,81.42857142857143,66.66666666666667,96.0,step,,count,turn left vs turn right
0.5574518538939168,2.0975811631929008e-08,0.22066112642993915,27.504364161144856,3.5576639211591052,22.89566454116709,5.208409964472942,step,step length,sum,with turn vs without turn
0.17211040686500037,0.5993138695483674,0.6713157754610679,0.20679379914780688,0.1784845015605058,0.15064886998971372,0.14856519833711365,step,step length,mean,with turn vs without turn
0.4362463891930968,0.9471924462281268,0.28330489845727147,0.08637026479069757,0.07518100083357991,0.06679623681843586,0.0783537789982799,step,step length,std,with turn vs without turn
0.34800365546526313,0.05175511668737887,0.37094730419782196,0.47344794307745347,0.32730831743206157,0.3788942360612535,0.32500659841214774,step,step length,max,with turn vs without turn
0.4074998429683012,0.896237084096346,0.9379667316843535,0.27143045164983126,0.2603945466679776,0.22153884470080457,0.21901149455708946,step,speed change,mean,with turn vs without turn
0.9571794537231951,0.5397289616312146,0.1746407951781433,0.15084548860941238,0.1051826965175098,0.11611911611848312,0.13732040748586274,step,speed change,std,with turn vs without turn
0.30508969565271843,0.06517852517367942,0.19072218385939127,1.1367301624721526,0.4881840979639454,0.6474598637156066,0.5493411577482373,step,speed change,max,with turn vs without turn
0.5418471177918885,0.0005343540599545994,0.6525286276854705,0.3861854012767832,0.1407030132234647,0.3269413789219458,0.1317187807868302,step,velocity change,mean,with turn vs without turn
0.3512289444039518,0.9816890493136068,0.8371277995535449,0.1911040891198092,0.18252870509587155,0.1448541261497407,0.15286009706593565,step,velocity change,std,with turn vs without turn
0.5973451572062485,0.0026562040075950376,0.4242174324063863,1.3127847282917684,0.4695380932511099,1.0369601030382418,0.5263842487483852,step,velocity change,max,with turn vs without turn
0.3951770325036411,0.6139132017896135,0.5546238576281102,2.981227506634815,4.201316638371571,2.6748505175837294,2.5190024544319085,step,accel,mean,with turn vs without turn
0.49262390119611565,0.9278069828789522,0.3757175194171537,2.1910142129355736,2.9698690151478218,2.4072668060009472,1.2911251626087872,step,accel,std,with turn vs without turn
0.9393221042034269,0.0007856029885955217,0.5818808818988976,20.81926457540455,7.970855192083208,23.24794367317389,6.130331107343999,step,accel,max,with turn vs without turn
0.5435643240012161,1.5522980837711322e-15,0.09122950078886762,65.42,8.432857142857145,62.36333333333334,14.771666666666667,step,step dur,sum,with turn vs without turn
0.03718623994364326,0.0922878914830749,0.7965443903142767,0.4844905408350768,0.4155551467758095,0.398864951809443,0.34795747385953407,step,step dur,mean,with turn vs without turn
0.3941199566676654,0.10403170298454575,0.22669884262913165,0.17945904547950442,0.1380813662915463,0.1486618950060878,0.14353996110343248,step,step dur,std,with turn vs without turn
0.7080941841363082,0.0013619235682458455,0.2602852617827523,1.0042857142857142,0.6842857142857143,0.9516666666666668,0.7883333333333334,step,step dur,max,with turn vs without turn
0.0543778575857018,2.0809003639389554e-17,0.0546660048247951,87.97025967449132,0.34793111335443916,103.84753648368108,0.3582318558843805,step,turn angle,sum,with turn vs without turn
0.9338615656545868,9.237744398515813e-13,0.7775751203053582,0.6440171493622725,0.04449887655475565,0.6596038012980621,0.03598617863400984,step,turn angle,mean,with turn vs without turn
0.04470505077196289,3.215256939936244e-07,0.045189628285577856,2.939666337737125,0.0707760603115103,5.275878927941277,0.07367087349967712,step,turn angle,max,with turn vs without turn
0.015878690111742234,2.301408776240185e-19,0.015878690111742096,8.527142857142858,0.0,10.143333333333333,0.0,step,turn dur,sum,with turn vs without turn
0.36468625103436303,3.663988951091026e-09,0.27041158999167836,1.287085173574625,0.4968151863799383,1.2715377659882527,0.6527975439000101,step,bend angle reached,mean,with turn vs without turn
0.34894634221466925,0.0071576851261529895,0.6461748307187491,0.5511181977277005,0.3955435408434755,0.573708042648177,0.46091291366842096,step,bend angle reached,std,with turn vs without turn
0.03034300170382103,2.4909733348675036e-06,0.054581482738503065,3.153701669017729,1.2940721235722183,3.218640451025493,2.2860841955753757,step,bend angle reached,max,with turn vs without turn
0.49470021149413557,0.0033197960678955332,0.28298453851375865,2.595980747982796,1.5757402095229458,2.4995847309647425,2.001745693516479,step,bend angle traveled,mean,with turn vs without turn
0.7327794757746766,0.96819718169685,0.8556134203566944,0.9340844254431486,0.9096027766132462,0.9529200239700583,0.9713337697551516,step,bend angle traveled,std,with turn vs without turn
0.01723217995786575,0.0016822842695857132,0.0611552650857425,6.311542953809698,3.2139436169393036,6.658119935132604,5.82949438876991,step,bend angle traveled,max,with turn vs without turn
0.42227756320447773,0.1040544146999866,0.39988902785347624,19.297398366337063,14.55045975524069,19.21952032145377,17.75487075037891,step,bend angular velocity,mean,with turn vs without turn
0.019208045308488953,0.08422833961745281,0.14105075166351436,5.708792913752083,6.367023602967472,7.380638057064476,13.144466593114357,step,bend angular velocity,std,with turn vs without turn
0.022719049841745224,0.8368177538480261,0.24281236404271006,43.62353308242894,25.78315648095319,68.38959138050062,98.1272558531045,step,bend angular velocity,max,with turn vs without turn
0.7355727557197411,2.405904147924812e-05,0.1734664934153502,0.17747816059243376,0.1295392982024367,0.16479116651956913,0.13726362269247872,step,bend dur,mean,with turn vs without turn
0.23545288952738755,0.7302417432294118,0.1731935984223622,0.05587920058957905,0.06102451435005951,0.05689552280541963,0.0468119480615067,step,bend dur,std,with turn vs without turn
0.9256554113739058,9.079946197121836e-06,0.953490702463869,0.3485714285714286,0.23428571428571426,0.3516666666666666,0.235,step,bend dur,max,with turn vs without turn
0.9214087163619913,3.1798453131148864e-08,0.5596218363873474,0.37764322170056025,0.18069432458162948,0.3621923006287127,0.19168997608274418,step,bend pos,mean,with turn vs without turn
0.10460327721874293,0.5459613572795454,0.09165678577998046,0.15091722128248825,0.1914097713042167,0.15219966956592912,0.12891311255602722,step,bend pos,std,with turn vs without turn
0.46629390586508634,6.905163222772751e-06,0.6838270390955858,0.6942757999095905,0.4920235531023546,0.7049733370309889,0.5295826835392841,step,bend pos,max,with turn vs without turn
0.025261871501665225,1.502114400166407e-10,0.9393815409839104,138.57142857142858,22.142857142857142,162.66666666666666,47.833333333333336,step,,count,with turn vs without turn
0.5829121947926164,0.49036617011005157,0.609380737956234,15.824101723374536,15.237926358929428,15.720630741092288,12.383443764547744,step,step length,sum,bend left vs bend right
0.10842176902437485,0.6391267313583017,0.8569528298962352,0.2072191804428029,0.19771289683330398,0.1608591060787005,0.14001076880872024,step,step length,mean,bend left vs bend right
0.0391066009298296,0.23960147542942153,0.9314739075664356,0.08962332293419413,0.0805040743116263,0.07254318349741017,0.06201362037235381,step,step length,std,bend left vs bend right
0.0681324643768668,0.3161428338732986,0.6271383192105913,0.46767573100921,0.43947519279368114,0.39688798108563156,0.31976661179377247,step,step length,max,bend left vs bend right
0.26940550754177967,0.5924155453444588,0.9661413746647617,0.27079360060104224,0.24949551676074336,0.22770677082077553,0.20955490248576578,step,speed change,mean,bend left vs bend right
0.2863810355662827,0.7542311226640531,0.9339200396093359,0.1466720757882753,0.1409250848061088,0.12237961231612939,0.11259326874275173,step,speed change,std,bend left vs bend right
0.2497484967072027,0.7918040443727571,0.9830727317743957,0.9272917782434049,0.8712214643067274,0.6633706842729176,0.5975418139653244,step,speed change,max,bend left vs bend right
0.29093982387976663,0.8753161238529199,0.9919942227883525,0.35428852470857286,0.3639340642773963,0.2835404326043672,0.29450071196844174,step,velocity change,mean,bend left vs bend right
0.22320602003743137,0.8859392034699878,0.734799493688274,0.1986670017806527,0.2143370463490077,0.16774753306635112,0.16011321432817407,step,velocity change,std,bend left vs bend right
0.349240613953568,0.8196190192021648,0.7383333522051361,1.1405291471387713,1.1593823978136426,0.9987477300663373,0.8624013807689558,step,velocity change,max,bend left vs bend right
0.409052072282185,0.6201339936627698,0.5525937653208665,3.115830361748143,2.737401780859406,2.599063794384938,2.6520925205842674,step,accel,mean,bend left vs bend right
0.8598351848866168,0.7792019602271837,0.052443029648206484,2.7336345341973156,1.5923970188508516,1.564385552528952,2.5741958567517815,step,accel,std,bend left vs bend right
0.8347152847688286,0.978052398089269,0.02240986721389198,20.40316978223321,11.081270527331816,11.284212291234688,21.915596862144486,step,accel,max,bend left vs bend right
0.6874290908267302,0.7671589563644462,0.3026580164048342,35.567142857142855,38.285714285714285,41.45666666666666,35.678333333333335,step,step dur,sum,bend left vs bend right
0.05086379744509561,0.8665750730384396,0.7113315617725233,0.4713899768186725,0.4785237738165534,0.4030901448750514,0.3799313995502653,step,step dur,mean,bend left vs bend right
0.07113552106563084,0.8042606927493855,0.8339408264530553,0.17646384172604776,0.17571094982170019,0.15309998453575968,0.14646062221532008,step,step dur,std,bend left vs bend right
0.5020929300903848,0.10103194583458656,0.3191828946162515,0.9657142857142856,0.9142857142857143,0.9883333333333336,0.8000000000000002,step,step dur,max,bend left vs bend right
0.12362343685394986,0.08152911264106581,0.9994304045590022,39.642164854321884,48.67602593352389,47.58953604777826,56.616232291787206,step,turn angle,sum,bend left vs bend right
0.9433412932824409,0.05930534537482219,0.9749644673222931,0.5600716375477783,0.702761979432825,0.5572247790583472,0.6954133472852245,step,turn angle,mean,bend left vs bend right
0.3034654063658913,0.5735845358691498,0.4003731143266229,0.5240967811406366,0.5051164188306086,0.5408632799277552,0.6685252365936849,step,turn angle,std,bend left vs bend right
0.05431808371749754,0.1472987532036651,0.46564394788858454,2.275477987464866,2.827241736534193,3.15198069694871,4.712513512256299,step,turn angle,max,bend left vs bend right
0.09617631205167138,0.26519132365584164,0.9318157230226698,3.98,4.547142857142858,4.828333333333333,5.315,step,turn dur,sum,bend left vs bend right
0.5366911865107242,0.08389639846803748,0.6352822868954501,0.059499550627182145,0.0641848312433634,0.06180900013110011,0.06449038511007947,step,turn dur,mean,bend left vs bend right
0.2718128956699093,0.7186010208745073,0.9594472380946436,0.02164856849349034,0.02062474002204367,0.02432580475793347,0.02355796522412105,step,turn dur,std,bend left vs bend right
0.08846530153936286,0.9694265120111341,0.7857610351625985,0.12571428571428572,0.13,0.16666666666666666,0.16,step,turn dur,max,bend left vs bend right
0.6965817914821892,0.7549612579378049,0.9063120499871108,1.7757472408043582,1.7233967013944202,1.7124141807767803,1.6893944398741236,step,turn angular velocity,mean,bend left vs bend right
0.32632172220760436,0.8635927387020985,0.41463637325861813,1.1389326033390097,0.755858669189174,1.2091531927577113,1.5031801904547253,step,turn angular velocity,std,bend left vs bend right
0.543316103262588,0.8904508316619165,0.15389624193960402,10.058742765504167,5.649208119605575,6.96333262838079,13.191916186518291,step,turn angular velocity,max,bend left vs bend right
0.6389577241479552,0.39585518308018874,0.475149851801421,1.2054994472141378,1.2258431114414325,1.0785835922642117,1.2523221913918638,step,bend angle reached,mean,bend left vs bend right
0.9181669779414048,0.8451649145869908,0.5467178156342369,0.6059536436078907,0.5696270818023552,0.5817282568470902,0.6037606123791648,step,bend angle reached,std,bend left vs bend right
0.11305549993089967,0.37523695561524983,0.008998863570126053,3.075588333070361,2.830266426275007,2.904569619348082,3.466082961764252,step,bend angle reached,max,bend left vs bend right
0.7102908181034231,0.8401626604504674,0.7716265962316808,2.485716555090896,2.503220654935006,2.46441682012904,2.330115572119081,step,bend angle traveled,mean,bend left vs bend right
0.8583345860302796,0.6026953565488552,0.5897279268688072,1.0110090510430334,0.9224595266391663,0.9795416155922464,0.9849282594569155,step,bend angle traveled,std,bend left vs bend right
0.05501673645525275,0.5602011400137801,0.4829906556100837,5.92171702918835,5.297047872835027,6.578590462564697,6.668003411646918,step,bend angle traveled,max,bend left vs bend right
0.9359734175556725,0.557058998214857,0.7919996569612288,19.08144055708391,18.458970125988085,19.70403622536405,18.12695243891939,step,bend angular velocity,mean,bend left vs bend right
0.04135677796078161,0.8848710981240168,0.6874948861052625,6.242867131226653,5.445796326341068,8.927366045453134,9.374370620383758,step,bend angular velocity,std,bend left vs bend right
0.038728004774659,0.973929795106102,0.6457558028186045,42.57377572898504,34.532240812637745,77.64327477409249,88.47049759591636,step,bend angular velocity,max,bend left vs bend right
0.09542205473054582,0.5572642216625459,0.32009318279165033,0.16647850046893523,0.1776217976680994,0.16120895761967627,0.15756576517797843,step,bend dur,mean,bend left vs bend right
0.7679462517438507,0.3463937751392153,0.5526685499656665,0.056546557945051264,0.058154942800781186,0.05294544322520425,0.05937006601703088,step,bend dur,std,bend left vs bend right
0.9033482449521154,0.7597823977261379,0.4448598013888574,0.3314285714285714,0.3242857142857143,0.32,0.34,step,bend dur,max,bend left vs bend right
0.2929155133389915,0.4810096532754118,0.5777095807814163,0.36294447789375944,0.3695307567972936,0.30690906138151747,0.35205094060508274,step,bend pos,mean,bend left vs bend right
0.9177477239841607,0.9152891142823711,0.965628853100605,0.15761235657709113,0.15674481093922868,0.15952796990809176,0.15753253762274744,step,bend pos,std,bend left vs bend right
0.8456729115438237,0.08553628318116911,0.9338812430201129,0.6887693001275819,0.6612979297893664,0.6904276724898857,0.6654186445757745,step,bend pos,max,bend left vs bend right
0.06959412881578887,0.7437214388982827,0.7682698921009753,80.71428571428571,80.0,109.5,101.0,step,,count,bend left vs bend right
