,Intercept,C(Treatment),C(Group),C(Stratify),C(Treatment):C(Group),C(Treatment):C(Stratify),C(Group):C(Stratify),C(Treatment):C(Group):C(Stratify),Parameter,Group,Stratify
PR(>F),2.1356798914835492e-13,0.1024355108098249,0.5356539268122813,0.0028315044393435167,0.9227004439066571,0.739476203582289,0.748925605067615,0.9565910673962413,step length,turn left vs turn right,current speed
PR(>F),1.3403136034613444e-13,0.10601578084206967,0.4677316167562592,0.04553050641938594,0.5596943093434936,0.8431899025574977,0.8088581271708953,0.9467824798723526,speed change,turn left vs turn right,current speed
PR(>F),9.077377945759395e-11,0.24894334235885102,0.7310070565515299,0.06884394815048867,0.7415483268506542,0.8682727420557974,0.951803007307329,0.9676979174416169,velocity change,turn left vs turn right,current speed
PR(>F),7.78376183235255e-12,0.10242992190636035,0.3587687292663878,0.37222629106959554,0.19743170969364424,0.7137865471089675,0.7017901447438648,0.6490879396709544,accel,turn left vs turn right,current speed
PR(>F),3.667704375285158e-19,0.10336112650737393,0.4663745066787641,0.059540553117313134,0.9200094859133268,0.6256061945171703,0.5721101839659424,0.9258707818795977,step dur,turn left vs turn right,current speed
PR(>F),1.4596848244664085e-10,0.22546719217923678,0.6748831398171439,0.5501996106867983,0.45303011609790345,0.4064521701816106,0.8697558564039253,0.8251549905151583,turn angle,turn left vs turn right,current speed
PR(>F),2.1663362845397083e-32,0.7578570967672357,0.9066485172722141,0.0016917840798546617,0.5919229953984204,0.39281482204362217,0.32249356711242827,0.44464531289287046,turn dur,turn left vs turn right,current speed
PR(>F),4.318356557867504e-19,0.018775033950900095,0.12580623754334502,0.006510272630817725,0.30592961857090895,0.009034993958258939,0.3682340325732424,0.33028106616355707,turn angular velocity,turn left vs turn right,current speed
PR(>F),3.643746091027855e-19,0.20070055353622704,0.6070457770329435,0.46506136483173866,0.3637435134457363,0.7817282299816177,0.8075381242790465,0.9401823381518664,bend angle reached,turn left vs turn right,current speed
PR(>F),3.8421761974002704e-16,0.7821032424831813,0.9145194671376746,0.7966465760397581,0.8363456671574379,0.9687453331140699,0.9128580996900201,0.942466273067727,bend angle traveled,turn left vs turn right,current speed
PR(>F),4.074753405636753e-17,0.9895570062523327,0.7903223650713025,0.4983588411884595,0.7670278504187305,0.9647982261753663,0.9853256716769792,0.9878457860619221,bend angular velocity,turn left vs turn right,current speed
PR(>F),8.29058990907123e-30,0.6274850520107365,0.6204906772813177,0.40613366674634166,0.42940442251006494,0.5608883287080328,0.4754946946660389,0.43744823683423195,bend dur,turn left vs turn right,current speed
PR(>F),1.1485362341606825e-18,0.1136364001402012,0.9644733360428654,0.5445293164996898,0.4883434341542042,0.736066172428367,0.6054686423305156,0.8716693557103001,bend pos,turn left vs turn right,current speed
PR(>F),2.5236156593116e-15,0.3885633683453428,0.7825395422221857,0.07509218086056392,0.9580995896422758,0.9299435579994434,0.9254224716387519,0.9760231991217398,current speed,turn left vs turn right,step length
PR(>F),1.569913101910296e-14,0.06264958060118553,0.3720734171405703,0.0009594122245471485,0.45430568905291846,0.6465615912982715,0.6135551220160271,0.8893753325254977,speed change,turn left vs turn right,step length
PR(>F),3.648989890147861e-11,0.3003013766764819,0.8397318981125311,0.06257313865981395,0.9731920762090183,0.9111460553852572,0.9524294746691935,0.9949189517175313,velocity change,turn left vs turn right,step length
PR(>F),7.520212846921753e-12,0.1793040048907711,0.5624630678070008,0.4310944333036403,0.34337451535343777,0.8719165833368846,0.6033621807796128,0.6669068785542145,accel,turn left vs turn right,step length
PR(>F),2.039854484022424e-24,0.058771223857006456,0.871190333663089,7.98125826297061e-08,0.9109549041805816,0.5911029636178264,0.907639658708747,0.9895895363465251,step dur,turn left vs turn right,step length
PR(>F),1.6577284938013325e-10,0.459738289210902,0.9194549628794356,0.22050138119326596,0.6741762872767407,0.7057902825350605,0.8318166760516972,0.565942305733039,turn angle,turn left vs turn right,step length
PR(>F),2.587427288810412e-29,0.4462486635262438,0.2458025046192692,0.0008634995074184866,0.2979051412022845,0.7705118201788033,0.3987071544283587,0.2979516148349145,turn dur,turn left vs turn right,step length
PR(>F),2.9803117839628577e-21,0.004300726086131408,0.0903458792182739,0.001269827315686774,0.2554751931104263,0.005347826543619773,0.3448138046539822,0.4242905998620957,turn angular velocity,turn left vs turn right,step length
PR(>F),7.858709682732041e-19,0.5647906360138699,0.9626790333572613,0.5487604859988324,0.8799027579600049,0.8590869222354554,0.7673601443295873,0.5661280009256263,bend angle reached,turn left vs turn right,step length
PR(>F),4.1753730193419373e-16,0.9135339382113411,0.5996458710598218,0.7015868463398156,0.524466433988642,0.8686003526796032,0.8511760947011048,0.7456179631163975,bend angle traveled,turn left vs turn right,step length
PR(>F),5.831782618467422e-17,0.8314157266987412,0.692173957316569,0.6319659834127389,0.5958003934086595,0.9978776719845591,0.9502750241895742,0.9384652619948713,bend angular velocity,turn left vs turn right,step length
PR(>F),7.284232894690396e-27,0.8291305785735562,0.11275311905629949,0.0970346289329646,0.26537828212571735,0.6651312838861975,0.6716796414270272,0.7418962896057639,bend dur,turn left vs turn right,step length
PR(>F),5.921153339594862e-19,0.3597894830843955,0.6234428588574407,0.7970741858128254,0.8538714529984877,0.9070256105369808,0.7486095585525139,0.6181173355626971,bend pos,turn left vs turn right,step length
PR(>F),5.195871590811065e-14,0.3118190433764369,0.7954720637183089,0.5318834251677463,0.8695009963085212,0.9934111948338484,0.9931934019671079,0.9805050312081469,current speed,turn left vs turn right,speed change
PR(>F),3.4651234245395355e-12,0.140031897538435,0.7871709143221384,0.02356725297617987,0.9796775992524459,0.900772740041069,0.9361164319408479,0.9984934965510931,step length,turn left vs turn right,speed change
PR(>F),9.869719251043351e-13,0.10713804887764429,0.5878510243730215,0.004616258321571475,0.6302271507587294,0.54754019041943,0.8685989450263416,0.9086532898335321,velocity change,turn left vs turn right,speed change
PR(>F),4.339562671429506e-17,0.1620988531495487,0.5283553630600477,0.0017367158942129433,0.17452635110074857,0.9752521634843114,0.9720779905091579,0.8427956271223732,accel,turn left vs turn right,speed change
PR(>F),7.049878084029843e-19,0.22715972480660826,0.9487845562482555,0.06726594856038903,0.8056753523858846,0.9746512900535902,0.932443420335039,0.9946846884256468,step dur,turn left vs turn right,speed change
PR(>F),1.9568220294861862e-14,0.017617708497846475,0.4363080152959936,0.09276774244346786,0.3898431775811313,0.04338079682931897,0.8022438214516798,0.7604030908414615,turn angle,turn left vs turn right,speed change
PR(>F),1.193123001253054e-33,0.3237022317744327,0.8197616036731252,0.5921011369366245,0.858686672428155,0.30585409640324335,0.840301818629668,0.657429654776706,turn dur,turn left vs turn right,speed change
PR(>F),2.86161666404596e-19,0.12174286932468298,0.3305837281093066,0.015374951413480865,0.380650966386301,0.22952963142659008,0.6932039345077785,0.5945011753446536,turn angular velocity,turn left vs turn right,speed change
PR(>F),1.4455628299529338e-23,0.029446164523681255,0.2837250615820124,0.09095833873228142,0.2800285046104506,0.21153437261395486,0.879890516707122,0.8465504646750942,bend angle reached,turn left vs turn right,speed change
PR(>F),1.6927921513282311e-18,0.37391869137928324,0.8778334897320628,0.043922144492809234,0.9542427970576682,0.7148774426132729,0.9638606516522289,0.939783039227215,bend angle traveled,turn left vs turn right,speed change
PR(>F),4.419725110939642e-19,0.8965796144740567,0.7020067932927276,0.1002562627516629,0.8820824236318433,0.9430537127135399,0.9695749432628925,0.9915662405728936,bend angular velocity,turn left vs turn right,speed change
PR(>F),2.4330954527472885e-29,0.23569044299279765,0.7110106269982084,0.7632619766506686,0.9798358158971004,0.7655433240127945,0.8000361239982503,0.8640551779655969,bend dur,turn left vs turn right,speed change
PR(>F),1.9845672018192838e-20,0.1078261827826106,0.9379994624045149,0.7432706329626838,0.5519929849709042,0.7992399721289135,0.9940525425730686,0.9874183250833004,bend pos,turn left vs turn right,speed change
PR(>F),1.849671042086853e-14,0.24999380404132235,0.797832049082654,0.22473586520965014,0.8431296969801179,0.9590734355588848,0.9939415179714854,0.9910882690338119,current speed,turn left vs turn right,velocity change
PR(>F),4.8347202377983084e-12,0.1063540461393846,0.8782818473164262,0.03785505703218,0.9214877270858213,0.8343282892937529,0.9642855440859449,0.9951336532515642,step length,turn left vs turn right,velocity change
PR(>F),3.402638201955812e-16,0.035981285377063896,0.3869435269000534,3.385727044215203e-05,0.4400191247449713,0.42891294567313754,0.703755029580196,0.851356648045259,speed change,turn left vs turn right,velocity change
PR(>F),8.888274223164705e-16,0.17619897893596176,0.1665099083144011,0.021666672169914098,0.22629378287055102,0.9662440449325531,0.7235444189340663,0.7720895449307745,accel,turn left vs turn right,velocity change
PR(>F),2.335944488833551e-18,0.1606454662104718,0.9650013483473262,0.23395472744482207,0.7236436684747742,0.9360565357191735,0.9440730325847143,0.9915852114427307,step dur,turn left vs turn right,velocity change
PR(>F),8.860948418935457e-18,0.2536700030425277,0.3614602554764166,3.6724139415998443e-07,0.6006754778165617,0.5038324245884085,0.6833876718475191,0.8336831870718592,turn angle,turn left vs turn right,velocity change
PR(>F),2.0466607452046417e-36,0.5794135087996987,0.7672315052468921,1.3185514175039404e-05,0.6858743387869015,0.6775195087536332,0.945980861664449,0.7848975745814106,turn dur,turn left vs turn right,velocity change
PR(>F),7.271758570273822e-23,0.540505013962459,0.056543869669142474,3.2145643187564655e-05,0.9835509289720394,0.8742168340871596,0.2058382906134355,0.8837329357460595,turn angular velocity,turn left vs turn right,velocity change
PR(>F),1.2665501727058513e-25,0.058503809783921466,0.3642509593660407,4.604365785643954e-06,0.21594397465848356,0.3729860083108531,0.9177100435772211,0.8003348525165014,bend angle reached,turn left vs turn right,velocity change
PR(>F),6.745696653366603e-21,0.4194945854249872,0.7652258750396193,0.00017828456246543885,0.9843691176285736,0.7814029373852541,0.9444161141858893,0.9883988686230788,bend angle traveled,turn left vs turn right,velocity change
PR(>F),6.087011896430673e-21,0.8834720446281618,0.9230646043417436,0.00148879097838088,0.9946316898279204,0.8883355479009531,0.9770517104277141,0.9650318666833109,bend angular velocity,turn left vs turn right,velocity change
PR(>F),6.519386619913937e-33,0.20597077118900753,0.5413831709997485,0.01136774086938229,0.6630667567762192,0.7435704635166738,0.8149574169639464,0.9612342239906853,bend dur,turn left vs turn right,velocity change
PR(>F),2.8596749464576416e-24,0.07372664926242854,0.8392490873195526,0.0010182180922989137,0.4581550639364331,0.6958602421075063,0.9711787720000052,0.9855239171159182,bend pos,turn left vs turn right,velocity change
PR(>F),3.151683208870109e-13,0.3696958224141531,0.9991249123122145,0.7024350380819246,0.9626798615714717,0.9846931779436108,0.9724228539723184,0.9938903618156185,current speed,turn left vs turn right,accel
PR(>F),6.532297367472727e-10,0.2368790239239225,0.8866510223280906,0.2816328998925437,0.935823035065509,0.9222441262574803,0.9656960657389068,0.9867214790955235,step length,turn left vs turn right,accel
PR(>F),9.222718621957057e-15,0.1330164453208582,0.5718579297511162,8.427073686620127e-05,0.5174454560654876,0.8048282851466344,0.8717496304673752,0.9168019558209854,speed change,turn left vs turn right,accel
PR(>F),7.218487694428784e-12,0.1379986409788647,0.2823021130858655,0.011385642145762523,0.43866780160997876,0.5645348258620346,0.530167023269599,0.7322482427067358,velocity change,turn left vs turn right,accel
PR(>F),6.827559341394246e-17,0.26443189330639777,0.8254745828862127,0.7157496149297742,0.8126320175602267,0.9932711957470054,0.9948248872640443,0.9963690100277907,step dur,turn left vs turn right,accel
PR(>F),4.0641298346434985e-14,0.1716188328664898,0.011532064475002723,0.008428508333681058,0.2551477775213223,0.2820705028816547,0.03509206546896279,0.5696095159975021,turn angle,turn left vs turn right,accel
PR(>F),4.7193412787253014e-33,0.24976133163374092,0.03160569910359018,0.16056215563976822,0.33541371276221443,0.17677107097315856,0.05382312898788506,0.6509483567435174,turn dur,turn left vs turn right,accel
PR(>F),4.8365912489593555e-19,0.88736359110732,0.3748449875900971,0.04172186441784195,0.970067872507393,0.6650081670189332,0.7791954858841439,0.9751575643825204,turn angular velocity,turn left vs turn right,accel
PR(>F),7.829834354651402e-22,0.13313402562254267,0.0625108214050471,0.07617773668163938,0.2529986036992309,0.4148437811985243,0.3084364341608216,0.7880873104451172,bend angle reached,turn left vs turn right,accel
PR(>F),1.3364898022793351e-17,0.3241803276024512,0.3925389528093336,0.1012715671983507,0.6325305815818328,0.4932220186925256,0.6183058239741892,0.7370544692940104,bend angle traveled,turn left vs turn right,accel
PR(>F),1.7614837969552568e-18,0.9225580663602385,0.9437232489342986,0.10608381977237831,0.9112287367795069,0.8559356124332471,0.976253341540949,0.9231223593798936,bend angular velocity,turn left vs turn right,accel
PR(>F),1.2194945463959694e-31,0.12584785084478783,0.7667025911890875,0.9266291597414409,0.87865211908896,0.2888192912065353,0.35187080649510716,0.7259063181557164,bend dur,turn left vs turn right,accel
PR(>F),1.0326465560276421e-20,0.12383424179784912,0.23534519562585057,0.30051357090420944,0.30542634700264276,0.6344251734230468,0.5172973218340563,0.8853869518081972,bend pos,turn left vs turn right,accel
PR(>F),5.693222162672724e-13,0.4096627522268833,0.636317396695433,0.8468733511471325,0.9932630766685558,0.9957499999256567,0.937097118796078,0.991650215405753,current speed,turn left vs turn right,step dur
PR(>F),3.039375927534339e-14,0.08532015825842658,0.6877994667446259,0.0004077995094963028,0.9729996807678422,0.731241601835067,0.883748405485311,0.9926686588301341,step length,turn left vs turn right,step dur
PR(>F),2.098459204540969e-11,0.22736277784608908,0.6461909992873063,0.3840423028566613,0.6646694965248178,0.9694784010711631,0.9367609710913829,0.9692916983089964,speed change,turn left vs turn right,step dur
PR(>F),9.319206194718693e-08,0.7060052096185572,0.989675695031742,0.9490320608525771,0.8397995845018063,0.9116480177381483,0.9958853682727865,0.919420801380249,velocity change,turn left vs turn right,step dur
PR(>F),1.9937559492021624e-10,0.350595077080737,0.7150151285126289,0.6868402029923508,0.6026524912465758,0.9457251558856611,0.8602882684132858,0.9179101068941138,accel,turn left vs turn right,step dur
PR(>F),6.748824288450158e-07,0.5059412503159741,0.30378776114618466,0.009718781562607984,0.3878235479700183,0.7517079020172642,0.36623222172774617,0.4596853920766907,turn angle,turn left vs turn right,step dur
PR(>F),7.630706226143222e-30,0.23013925178494182,0.15752091969672422,0.0060624598492512215,0.38334207714680113,0.5517135239359452,0.3310498582114184,0.5298597699053984,turn dur,turn left vs turn right,step dur
PR(>F),1.5932015311227476e-17,0.16404564528372578,0.5538082258903197,0.7366423502070505,0.7139616678886389,0.3062842012209344,0.9110938988141017,0.567573318600979,turn angular velocity,turn left vs turn right,step dur
PR(>F),1.5713316319192048e-17,0.9153055270999187,0.7245497747005248,0.4301494055733106,0.7357698845015772,0.7291508174920538,0.45480402736119496,0.5593030237294075,bend angle reached,turn left vs turn right,step dur
PR(>F),4.7871228295168446e-14,0.6583613669077104,0.5156073562742793,0.7026397215260447,0.4914445070616824,0.784274841877206,0.6606077970045771,0.8161997250376261,bend angle traveled,turn left vs turn right,step dur
PR(>F),1.1248129275802476e-15,0.689419176772212,0.759556429287486,0.904662355696236,0.6232629531668882,0.9722061340113518,0.8263029284089721,0.9732754088750465,bend angular velocity,turn left vs turn right,step dur
PR(>F),2.3726856475646542e-27,0.7527151965960773,0.06890849215487482,0.013983896839499927,0.36934022482258544,0.6171667987494037,0.3580987008359832,0.821109467851413,bend dur,turn left vs turn right,step dur
PR(>F),1.7583751966596304e-17,0.5578879613026402,0.5771574065078064,0.732437903220928,0.9661208168803165,0.8991482328902513,0.7121512511964248,0.8099545903750894,bend pos,turn left vs turn right,step dur
PR(>F),1.927650319791398e-12,0.2792219068153089,0.9789162246752331,0.9909558254982477,0.9335171202916916,0.9539733585322289,0.9631732077850708,0.9989914195564736,current speed,turn left vs turn right,turn angle
PR(>F),1.4319916130800478e-07,0.23185217001368016,0.696878941846514,0.6872830495348938,0.7364025144859202,0.978946911035651,0.917183199006457,0.898188326157727,step length,turn left vs turn right,turn angle
PR(>F),2.5793731064338077e-11,0.03352899101332115,0.5522543957552776,0.4990345094475649,0.5549123332541069,0.38925959697975787,0.8617921505207949,0.9331279984639308,speed change,turn left vs turn right,turn angle
PR(>F),5.880951780222489e-12,0.12438968828206495,0.7206924335461826,0.00619087119425818,0.7543025174707643,0.5741110738027635,0.932647672998869,0.9693635882395586,velocity change,turn left vs turn right,turn angle
PR(>F),2.323683680732815e-11,0.09799331173559923,0.036887678913519586,0.1344615003237587,0.3760272748782013,0.6869268088469913,0.26634566290331413,0.9255708033957586,accel,turn left vs turn right,turn angle
PR(>F),4.379172086852718e-15,0.40646361251517626,0.4962089801774353,0.22410876290823598,0.5274005108778126,0.6630635726734314,0.8462205331910254,0.799928993837427,step dur,turn left vs turn right,turn angle
PR(>F),3.6437042877052685e-40,0.5382827935088815,0.5832349245271886,1.0312988969433155e-15,0.20534380458299453,0.4477552293099497,0.6787413568770078,0.421166567364775,turn dur,turn left vs turn right,turn angle
PR(>F),4.754060759983101e-18,0.2642719177151393,0.09306349228407637,0.025773581589255662,0.8267308649411049,0.4066044419269359,0.24096815402709415,0.9618411497361296,turn angular velocity,turn left vs turn right,turn angle
PR(>F),2.3809398549166935e-29,0.1515384672234891,0.16063284504117936,8.713342767007542e-11,0.26421830967238696,0.672445511575501,0.6630176277375062,0.8640477351099158,bend angle reached,turn left vs turn right,turn angle
PR(>F),2.2868384184388527e-21,0.29028944433433695,0.44297259228048425,4.16646625842705e-05,0.856677037567709,0.6255658271017923,0.6937364819766206,0.946005474621367,bend angle traveled,turn left vs turn right,turn angle
PR(>F),3.20311762504778e-20,0.8046814289670614,0.735675597641414,0.015223282191576006,0.9053539664734814,0.899797051991982,0.8639419926815991,0.91124952276985,bend angular velocity,turn left vs turn right,turn angle
PR(>F),3.741702288630176e-38,0.014744467074713235,0.7819002194540418,3.275557667669705e-08,0.7248914017254828,0.13777890172121368,0.32394356016898934,0.6136865243997123,bend dur,turn left vs turn right,turn angle
PR(>F),3.396495384774852e-26,0.15500513060124035,0.46462512682294654,8.098770961366729e-07,0.36895855616291184,0.7960464595535498,0.8210279116189461,0.8629110277761443,bend pos,turn left vs turn right,turn angle
PR(>F),8.94277444382994e-14,0.2178207716626806,0.7327975392419761,0.430416620105152,0.8540510365956624,0.8479402992458469,0.9480927859463624,0.9818267395611058,current speed,turn left vs turn right,turn angular velocity
PR(>F),1.3085162537214664e-10,0.11802510203274125,0.8382897671649288,0.23876513407199515,0.9831787499851342,0.7828772558501624,0.9343020593882629,0.9915154891909355,step length,turn left vs turn right,turn angular velocity
PR(>F),2.4373907799106157e-13,0.04574051004654786,0.579826963958638,0.011987453434439372,0.3583681054389961,0.4384641933033725,0.7800088078477089,0.717706455892747,speed change,turn left vs turn right,turn angular velocity
PR(>F),4.7847456879420803e-11,0.1391150962310604,0.6895333537913506,0.025061784121315208,0.7110349524944173,0.5470449903945057,0.8207970157829186,0.9109633058550899,velocity change,turn left vs turn right,turn angular velocity
PR(>F),1.6733253408478838e-14,0.06491342327910983,0.2534501089683413,0.08001234370938491,0.08184571296310571,0.4900080704865286,0.8641247315865385,0.3995258446623443,accel,turn left vs turn right,turn angular velocity
PR(>F),7.974141584118055e-18,0.18470929480910747,0.8912256951616123,0.743201693602213,0.7032570310518329,0.9275552590754522,0.9863063331993709,0.9888382433967111,step dur,turn left vs turn right,turn angular velocity
PR(>F),3.713159544074961e-15,0.9100462616430203,0.33480034239217316,0.006251356900586948,0.828523782713307,0.8204373922116498,0.45707102189801707,0.9389168150680229,turn angle,turn left vs turn right,turn angular velocity
PR(>F),3.4753642783870974e-30,0.8925807298354236,0.8846941658141503,0.0044280388331300055,0.7579360559330014,0.5415044541795937,0.8254408503748251,0.84792933136095,turn dur,turn left vs turn right,turn angular velocity
PR(>F),1.2367557240699844e-23,0.27919941848700014,0.4270717024321782,0.012074282179960672,0.5003032042139874,0.7272257355274996,0.6792111709184011,0.9250555974452037,bend angle reached,turn left vs turn right,turn angular velocity
PR(>F),2.4198303086433775e-17,0.6047312111909813,0.7424118745384461,0.1575571174034927,0.8341221985757808,0.8052026523595185,0.8149502826390557,0.9371756077953101,bend angle traveled,turn left vs turn right,turn angular velocity
PR(>F),2.677864300822955e-19,0.675766953692921,0.748633457971787,0.04784082665862856,0.8281848292282348,0.7687065496305884,0.9078991484799832,0.8762231550765393,bend angular velocity,turn left vs turn right,turn angular velocity
PR(>F),1.1900821232870128e-31,0.15060270505491102,0.2085085047354979,0.6853745737040029,0.6653340274016789,0.6203077768989675,0.923107074976466,0.9267846784221756,bend dur,turn left vs turn right,turn angular velocity
PR(>F),1.973647654200651e-21,0.16917020071490596,0.8564024331447619,0.271162595447369,0.4043326169930289,0.9461046598338599,0.9981310299108438,0.9410501837367495,bend pos,turn left vs turn right,turn angular velocity
PR(>F),1.997193885174545e-12,0.22399820284971264,0.923929547471618,0.9311824779906128,0.8056309210849179,0.8912396657382097,0.9843119312226136,0.96143661816699,current speed,turn left vs turn right,bend angle reached
PR(>F),1.6105079558006458e-07,0.331625407221815,0.6214780976570288,0.6324423743133384,0.6357834341375452,0.9683143284324378,0.875660013622972,0.8871379691968574,step length,turn left vs turn right,bend angle reached
PR(>F),3.0614162376977577e-11,0.12381017426485423,0.8923107191305624,0.5079941762705267,0.7993636555884738,0.686268988870858,0.9265155614995189,0.8340808747020825,speed change,turn left vs turn right,bend angle reached
PR(>F),1.3528457825442656e-11,0.16476310825303844,0.8802038241046811,0.016959350782367842,0.8222636427350845,0.6730614740905645,0.9818359500402879,0.958512717692931,velocity change,turn left vs turn right,bend angle reached
PR(>F),3.564016750470314e-12,0.09073339294468863,0.04450635103050056,0.1981634511900618,0.3705793482973686,0.7157212396986343,0.3341737910561945,0.9666439422941281,accel,turn left vs turn right,bend angle reached
PR(>F),5.343093331229872e-15,0.7400003953028139,0.4010332698197948,0.3051508721411747,0.28815276503130993,0.503780127134146,0.776232005244269,0.6312899396548564,step dur,turn left vs turn right,bend angle reached
PR(>F),8.506052364298716e-22,0.14689193638412323,0.17301742204583992,4.850176333684042e-11,0.3163503853843376,0.261356388134042,0.4181967695309968,0.6611017004808118,turn angle,turn left vs turn right,bend angle reached
PR(>F),4.890282137501337e-41,0.827334143467331,0.35351729268892285,3.2025502514871456e-14,0.3596969390279824,0.8807308902996964,0.5112477445228262,0.6751499565222494,turn dur,turn left vs turn right,bend angle reached
PR(>F),5.052852617168066e-19,0.3254848825593808,0.6112309221856236,0.6903301869935441,0.9982211398151115,0.6271234415184972,0.9960337581515698,0.8959031414386779,turn angular velocity,turn left vs turn right,bend angle reached
PR(>F),2.864842208935577e-22,0.3740414956412029,0.43964558245093255,3.562063675857139e-06,0.8738121353386736,0.6368102038901555,0.6657309797974436,0.9480294536155409,bend angle traveled,turn left vs turn right,bend angle reached
PR(>F),4.180361532575211e-21,0.9388782829478299,0.7600180714097368,0.0007935035421744448,0.8597490424147691,0.81819375904205,0.8316582231717383,0.9375459044184923,bend angular velocity,turn left vs turn right,bend angle reached
PR(>F),1.345239890982852e-37,0.029836313711483223,0.6525064812822217,1.558181363145052e-08,0.5010733729922067,0.2298488583365441,0.2796616824022579,0.3776944677767018,bend dur,turn left vs turn right,bend angle reached
PR(>F),2.1587376904434024e-27,0.30976453724431335,0.4006275892648743,1.4372089198848607e-08,0.4408880886727472,0.8162353709187784,0.7243002846543074,0.9319355155647474,bend pos,turn left vs turn right,bend angle reached
PR(>F),9.225247093925677e-13,0.3514832664240416,0.8818449315856647,0.7059529102119992,0.9560421140933456,0.9384720678052191,0.9424262380925535,0.9617518475359613,current speed,turn left vs turn right,bend angle traveled
PR(>F),1.333293168417017e-08,0.42281496997721546,0.6447075747361728,0.33937983675863964,0.6085012312655723,0.8439021440137146,0.8692721005124378,0.8535111498477004,step length,turn left vs turn right,bend angle traveled
PR(>F),8.049664275068464e-12,0.22977828559434807,0.7666867118955507,0.037487409670515524,0.8893028209789142,0.637484219090518,0.7534790354869061,0.8466766518051343,speed change,turn left vs turn right,bend angle traveled
PR(>F),9.221699719412692e-12,0.24610189104283028,0.9908794994664584,0.007129924374662586,0.9865302665601738,0.7319036407310948,0.9623064808983433,0.9691927031923151,velocity change,turn left vs turn right,bend angle traveled
PR(>F),3.869527342705974e-13,0.03406677098071381,0.056291232300574784,0.10394535622000105,0.17124545255416634,0.4349354309402582,0.4141708650752607,0.7218694836101942,accel,turn left vs turn right,bend angle traveled
PR(>F),1.547230431287656e-16,0.5833595729277106,0.6926427202554248,0.5216516539663614,0.44283250733929835,0.814116459140446,0.9525728319983,0.8458258697739267,step dur,turn left vs turn right,bend angle traveled
PR(>F),2.048315689741868e-21,0.29842117445262867,0.11469213489855538,6.682593899115856e-10,0.7291499659324816,0.5621904972061913,0.2944516552876907,0.9099315238291242,turn angle,turn left vs turn right,bend angle traveled
PR(>F),6.567131980381209e-42,0.2009655303836216,0.04764459374746509,1.7343856342089127e-13,0.2360172771524863,0.23175006917272054,0.0840888556018105,0.39550331849969933,turn dur,turn left vs turn right,bend angle traveled
PR(>F),1.3303165750405758e-17,0.7898289813986099,0.9896995901199268,0.34386838993114927,0.44050599179021355,0.8963418234681595,0.8266505881256456,0.6680658275950813,turn angular velocity,turn left vs turn right,bend angle traveled
PR(>F),2.601375700216403e-29,0.09657604582707875,0.03933965120411017,3.563310148255028e-10,0.17521478192052745,0.5403934469659866,0.2817323577370071,0.7398527135927668,bend angle reached,turn left vs turn right,bend angle traveled
PR(>F),4.873668105157965e-21,0.7260792782788255,0.9407712866064094,0.0007091275057439044,0.7632157284866602,0.9639156695885273,0.9959255391926406,0.9184255046765301,bend angular velocity,turn left vs turn right,bend angle traveled
PR(>F),5.477182266907058e-39,0.21656257642475094,0.9896775911982035,9.379022361553894e-13,0.9304506887150155,0.7857576132196961,0.5520146305656957,0.8075005157725845,bend dur,turn left vs turn right,bend angle traveled
PR(>F),2.4217690468182304e-27,0.10592921063416841,0.11454926091430612,5.92474132538871e-07,0.24891156037591253,0.8297253799222962,0.2961446233787112,0.7797409531626235,bend pos,turn left vs turn right,bend angle traveled
PR(>F),2.245466463295849e-13,0.24541121591340856,0.9155840426950392,0.5137406098832584,0.8983716767213485,0.8733702372048368,0.9489069769884542,0.9835455147502034,current speed,turn left vs turn right,bend angular velocity
PR(>F),3.240451681777618e-09,0.2621554492522841,0.6707838108784125,0.3003507527146929,0.7073830472282164,0.8822045191648771,0.9021061738774145,0.929403645416858,step length,turn left vs turn right,bend angular velocity
PR(>F),1.8316741573931856e-12,0.21465767682764916,0.5557672124337544,0.01255306371680641,0.919274772096446,0.5369697652752238,0.6632746392174331,0.8262407627205608,speed change,turn left vs turn right,bend angular velocity
PR(>F),9.236533303354003e-12,0.2592560525260328,0.9646371698980264,0.005739265224995307,0.9885181894504868,0.6654006223137786,0.9702037727774725,0.9716437354317514,velocity change,turn left vs turn right,bend angular velocity
PR(>F),1.8021308721634325e-13,0.08774850395063766,0.1425724582621804,0.042757060601659756,0.21182423017179036,0.7191164222276731,0.6362344096430508,0.7322214798558242,accel,turn left vs turn right,bend angular velocity
PR(>F),9.02826851027244e-16,0.4265297526419408,0.7475530806385844,0.617397680266458,0.5025900549668451,0.9438676069208327,0.9940506507135802,0.8521733342894089,step dur,turn left vs turn right,bend angular velocity
PR(>F),1.574485450902712e-18,0.44853061718121623,0.14011402398820907,5.573098560022337e-07,0.5580442189333643,0.736117897369521,0.3270769849923814,0.9004820206039157,turn angle,turn left vs turn right,bend angular velocity
PR(>F),2.9115993222144226e-35,0.6186082333089569,0.09315264129983845,1.3540635122991404e-06,0.3164887153485323,0.7371149876493028,0.17069217152808144,0.647248553099703,turn dur,turn left vs turn right,bend angular velocity
PR(>F),1.2963329496689202e-19,0.7504788389191827,0.8232816759076126,0.10174918143857714,0.46979634809663506,0.8808460225636434,0.7513023382687078,0.7747078958111568,turn angular velocity,turn left vs turn right,bend angular velocity
PR(>F),1.7032559097209238e-27,0.08003034214577164,0.05517101960524985,5.8130633555934135e-09,0.17000506437501198,0.45961003145743573,0.26076068710720157,0.7100505376459196,bend angle reached,turn left vs turn right,bend angular velocity
PR(>F),3.0277955792043883e-21,0.7211456815276758,0.6240775593790732,3.2251186385775175e-05,0.9808139400932648,0.9576865850643919,0.8467592157977606,0.8872321589991222,bend angle traveled,turn left vs turn right,bend angular velocity
PR(>F),2.0693071031039484e-34,0.22896834996420373,0.9886223957542682,0.027615495931980285,0.9110078919763132,0.2713140654560891,0.529536292903606,0.1760746261038028,bend dur,turn left vs turn right,bend angular velocity
PR(>F),2.2477997553852454e-25,0.15484260781528245,0.4012344575345752,6.084228026317449e-06,0.45244382625756396,0.9148628474779772,0.6881799624073193,0.9883299091063495,bend pos,turn left vs turn right,bend angular velocity
PR(>F),6.863332203328972e-12,0.46470623642412756,0.966220902657231,0.8366477160972702,0.9270723711410518,0.9733374822467513,0.9874584859028964,0.9650291877806896,current speed,turn left vs turn right,bend dur
PR(>F),1.1153785353292556e-07,0.43305282207603224,0.678580384078038,0.6957276428827549,0.7131890410165767,0.9225898338875428,0.8986502368192394,0.9272136800598129,step length,turn left vs turn right,bend dur
PR(>F),3.255699804064275e-09,0.21720794899608248,0.8808617091228494,0.7780054283845126,0.7408593145348042,0.9672124505147197,0.9999988499433432,0.9958821514968527,speed change,turn left vs turn right,bend dur
PR(>F),5.000529053722885e-10,0.24210418403852538,0.9211324750395443,0.5314408329623164,0.902052041057424,0.8720891293594741,0.9869773030071564,0.9404137920044549,velocity change,turn left vs turn right,bend dur
PR(>F),1.8879101479340316e-11,0.10464541536271174,0.16618304722548377,0.29025378769107973,0.2384665789823774,0.8361795033552759,0.6675724373471646,0.7842043277033959,accel,turn left vs turn right,bend dur
PR(>F),5.312356866648841e-17,0.5776190084766073,0.5327053419526568,0.3649771159972423,0.579933570838368,0.8198144680034226,0.8882916152557779,0.9419404697112723,step dur,turn left vs turn right,bend dur
PR(>F),3.8159161695291696e-17,0.07278797730163422,0.4207113392338139,5.647239999966611e-05,0.4706314446202008,0.10193123440653967,0.7067452344741607,0.7204628725773828,turn angle,turn left vs turn right,bend dur
PR(>F),2.2655209324186057e-36,0.4012246846095876,0.7025914277186449,1.6559792868225288e-07,0.6407585986785348,0.4253002682244904,0.7980149031140182,0.8441762971907609,turn dur,turn left vs turn right,bend dur
PR(>F),1.6557829831418704e-16,0.2577600853859531,0.7149870146945614,0.2916559679015848,0.8473192189373482,0.5231371765164264,0.5279747730839388,0.6815064881239907,turn angular velocity,turn left vs turn right,bend dur
PR(>F),1.3393667788417432e-26,0.05894261623062896,0.14087802144500375,1.2329413802642717e-05,0.1753083454503808,0.3044986646141174,0.5064716977382346,0.5641880192610935,bend angle reached,turn left vs turn right,bend dur
PR(>F),1.3731571386924005e-21,0.49784788165282723,0.49252337967193327,5.96662452135671e-05,0.8719778904675127,0.7558100311340614,0.6887456998780978,0.899803952848453,bend angle traveled,turn left vs turn right,bend dur
PR(>F),1.746194461727479e-18,0.9472993743150783,0.8350401115367605,0.39358839225073605,0.8003870378761633,0.8822166348842578,0.8845186072438928,0.925479464504828,bend angular velocity,turn left vs turn right,bend dur
PR(>F),7.742428463560074e-25,0.09637127256590772,0.5025045338158187,0.0008905417023578737,0.31932966242777483,0.7117459703956734,0.8053445298634065,0.8277592595466804,bend pos,turn left vs turn right,bend dur
PR(>F),3.091303653853608e-12,0.3373808429340672,0.8930993853961353,0.863079692336734,0.9771033896249394,0.9656072512100103,0.9474093405422309,0.9852631629344422,current speed,turn left vs turn right,bend pos
PR(>F),2.6798213546845216e-07,0.4310279978179572,0.6371520671945446,0.48568309655527053,0.598060259560466,0.8827318958437138,0.8850933240587449,0.8575899737444919,step length,turn left vs turn right,bend pos
PR(>F),1.9723446624301874e-10,0.13331864295796636,0.913948145231436,0.42572344998547385,0.9060873250149649,0.5826402111027379,0.782881941048079,0.7605016980199063,speed change,turn left vs turn right,bend pos
PR(>F),4.144628296383465e-11,0.22969748970639514,0.9334502016718167,0.040458505889380714,0.9136832590544038,0.7603908894441831,0.9783001776307708,0.9746584384862198,velocity change,turn left vs turn right,bend pos
PR(>F),2.2484526032154482e-12,0.10180108958737212,0.03765157065421171,0.10983910343172683,0.2549629131439992,0.5552095557619148,0.24451304603552676,0.7973763773017981,accel,turn left vs turn right,bend pos
PR(>F),4.873413847727999e-15,0.7474904473522228,0.5919164533211476,0.3783997820570728,0.4320892197758043,0.6268797094502935,0.9213506988897707,0.7651626598442259,step dur,turn left vs turn right,bend pos
PR(>F),1.848024657617322e-20,0.11502467025479624,0.17309030704976797,1.4581325687854467e-09,0.2095601986731351,0.24926184993779005,0.4174421808120071,0.47682199632347044,turn angle,turn left vs turn right,bend pos
PR(>F),8.446270468048223e-40,0.5655995821081271,0.33979085565101186,5.262055891241914e-13,0.21223663632252962,0.5804086361045715,0.5240569018105052,0.3900636514840764,turn dur,turn left vs turn right,bend pos
PR(>F),7.85183833797357e-21,0.09381645291554469,0.2516323044310078,0.30559292192397564,0.495172642846741,0.2575911312956839,0.7438447959211605,0.5496656025895073,turn angular velocity,turn left vs turn right,bend pos
PR(>F),3.3854042801315103e-29,0.28637958371737166,0.13863174718071306,8.09497272651024e-11,0.27065142843812373,0.68447995546039,0.6256801298814485,0.8589165673556289,bend angle reached,turn left vs turn right,bend pos
PR(>F),5.9836880287054105e-21,0.4163159635447109,0.46091079053338446,8.661967009042493e-05,0.7920016042317652,0.7653965250737219,0.6931133000790337,0.9212895098997504,bend angle traveled,turn left vs turn right,bend pos
PR(>F),1.9157682806166037e-20,0.9894173864907047,0.8835763000188341,0.004361994918009437,0.9693342999057285,0.9838606789135077,0.9311688404007902,0.9738005752954719,bend angular velocity,turn left vs turn right,bend pos
PR(>F),8.577327817506706e-36,0.060352083074044716,0.9986000705204235,1.0027872479502417e-05,0.5865923593632811,0.3239517694349973,0.47735968763713776,0.3876684072850759,bend dur,turn left vs turn right,bend pos
PR(>F),2.702278622070593e-13,0.2136072427614312,0.5151279728551271,0.005412210477031491,0.8006142359847878,0.929489594839353,0.849802887787911,0.9964317714515326,step length,bend left vs bend right,current speed
PR(>F),2.1162414165400685e-13,0.3175250092846632,0.34649484686698595,0.07441897675952938,0.9690629482840992,0.9274575190973511,0.837962261181058,0.9345609755623918,speed change,bend left vs bend right,current speed
PR(>F),3.1852245925516833e-09,0.2666541155928197,0.8074114218410043,0.13784146270999068,0.9295502522792245,0.8932758553257031,0.9333716959658104,0.9476871007796575,velocity change,bend left vs bend right,current speed
PR(>F),1.5367719790282862e-12,0.2528516335694462,0.23757761250881304,0.3065006296667498,0.385822728472345,0.7730350841223386,0.7880025845299657,0.6432844257178598,accel,bend left vs bend right,current speed
PR(>F),1.8339255012043477e-18,0.1534307068775064,0.765843766597174,0.17483069907140525,0.7146678861725146,0.8893073230749674,0.9045591020486887,0.9992542917445472,step dur,bend left vs bend right,current speed
PR(>F),7.467165705907311e-07,0.5715887149131376,0.08801461058524634,0.37944281619302866,0.7603439822435003,0.8112193581904827,0.44504944920998124,0.8540123961178254,turn angle,bend left vs bend right,current speed
PR(>F),1.591249434878311e-25,0.8578520057042728,0.14723010202193643,0.028307988420724548,0.869732189319489,0.6696810381901447,0.4671052980808209,0.914522327546256,turn dur,bend left vs bend right,current speed
PR(>F),4.447460593583403e-19,0.06116004692706084,0.24666309701698375,0.01956323562548561,0.5726987198179441,0.08119498054230764,0.6043138905379956,0.8571713574046173,turn angular velocity,bend left vs bend right,current speed
PR(>F),1.6247329021623837e-15,0.1381971365692363,0.5719460962787848,0.4509200769838615,0.617537416046668,0.7114962847371549,0.5338085655046833,0.9027432570576241,bend angle reached,bend left vs bend right,current speed
PR(>F),4.062209931602442e-15,0.7915460173797975,0.7542008792954715,0.7156943138768312,0.48693629351599343,0.9515072391760689,0.7666706613701545,0.8157422832753811,bend angle traveled,bend left vs bend right,current speed
PR(>F),2.984207121986663e-17,0.9141262881373022,0.7511163775680072,0.36797169528052787,0.43745463002384166,0.9391230662367326,0.909783049405516,0.8376540340595117,bend angular velocity,bend left vs bend right,current speed
PR(>F),4.589721769142776e-29,0.5269845182828425,0.5979052306016763,0.3360106813089414,0.16529909774495144,0.5173751282877774,0.4526339682536007,0.34872026005230833,bend dur,bend left vs bend right,current speed
PR(>F),1.0936757344689481e-15,0.11511635002965973,0.7021268259292239,0.7007282829470174,0.836087232280585,0.8502520589012885,0.6168374039649884,0.8788891005387446,bend pos,bend left vs bend right,current speed
PR(>F),6.04288151270916e-16,0.5279362695916496,0.6076610921704426,0.05218365880610969,0.8730305587482685,0.9664096103430746,0.8672619979448662,0.964847440998208,current speed,bend left vs bend right,step length
PR(>F),2.090728340285209e-14,0.23258429931665459,0.5616782549167243,0.00392834573412667,0.9688457016181791,0.8950660316420405,0.9218115176182256,0.9949391149264217,speed change,bend left vs bend right,step length
PR(>F),1.979103245713589e-09,0.4172228377576316,0.5714641236937898,0.13917149524543715,0.6093627903103233,0.9881482296684753,0.8674227294859388,0.8454959085089887,velocity change,bend left vs bend right,step length
PR(>F),2.233586837007834e-12,0.3349332550955937,0.4827689505999392,0.47259683749122017,0.5975286157560543,0.8596612399991906,0.9596529772458303,0.8056034003493816,accel,bend left vs bend right,step length
PR(>F),4.261270298334391e-24,0.09639111277073875,0.8202242420443548,6.696378001231296e-07,0.7105336222955361,0.7235523407267819,0.9409851801759802,0.9906448467668774,step dur,bend left vs bend right,step length
PR(>F),1.8440839263601974e-06,0.9876057393048665,0.008627968153023354,0.05684942927375427,0.17291066191487314,0.8507729221176603,0.21697764061530933,0.3426018761182989,turn angle,bend left vs bend right,step length
PR(>F),3.718462458396728e-27,0.3338462901761615,0.010001817255837113,0.0007907678634814125,0.16097673057929648,0.7105529084811533,0.21293677280149148,0.3540821964818142,turn dur,bend left vs bend right,step length
PR(>F),5.5405760275049676e-21,0.026678712134133357,0.3390127738639249,0.011273406475759471,0.656992755641062,0.07711535117060252,0.6367075874296292,0.8597045557629456,turn angular velocity,bend left vs bend right,step length
PR(>F),2.6200695346146088e-15,0.5533125628118116,0.1899617301712268,0.35746371583511016,0.7582768133034609,0.9770144239666867,0.3373289742510556,0.5862060295125122,bend angle reached,bend left vs bend right,step length
PR(>F),3.3234655236922275e-15,0.8095358350332278,0.3911116080070661,0.7945518869755648,0.30264061726113844,0.9494133032589719,0.6484254887829819,0.7033504803767865,bend angle traveled,bend left vs bend right,step length
PR(>F),2.0436779371692546e-17,0.6776431174213525,0.8937715067161401,0.48029919434919477,0.44207617818225753,0.9792072419986256,0.9140965612280729,0.8491605085359422,bend angular velocity,bend left vs bend right,step length
PR(>F),2.7351858312455863e-27,0.8060555492459063,0.09830105631388078,0.4544369178452514,0.15212547132688678,0.7761081301217048,0.5576960251648313,0.7708913473292488,bend dur,bend left vs bend right,step length
PR(>F),2.5478095408386925e-16,0.24609736270873983,0.4815770053029983,0.6243443085674405,0.958660181277123,0.9783019399159262,0.6096007886635748,0.8205852352731416,bend pos,bend left vs bend right,step length
PR(>F),7.73158355246172e-15,0.4743397507818303,0.5097295518427444,0.44325372699754306,0.9697177674360543,0.9976555361843507,0.9397440875299098,0.9855840562168562,current speed,bend left vs bend right,speed change
PR(>F),1.768869283832695e-12,0.19606262694565366,0.7117051457113988,0.026110268639145014,0.8659916235608931,0.9081785667677251,0.9617946595041833,0.9999528644721648,step length,bend left vs bend right,speed change
PR(>F),1.1975332337504176e-11,0.17787457226452819,0.780550361792094,0.004884620412151057,0.8413669858499688,0.754513562037848,0.9115943081891144,0.9793382127533188,velocity change,bend left vs bend right,speed change
PR(>F),5.1295593721646035e-17,0.32664438477647195,0.6253851402272088,0.0005861152443957957,0.4127149501948437,0.9951676494068326,0.9701037525029967,0.9605773194149901,accel,bend left vs bend right,speed change
PR(>F),5.138625729022859e-19,0.15378932052143435,0.9384109947936342,0.0983182301536238,0.9003064956014322,0.9110931497235741,0.9980499233204783,0.972611576118697,step dur,bend left vs bend right,speed change
PR(>F),2.972285144999855e-11,0.038478488203070864,0.05486944930789012,0.2594182559097814,0.9911566404480181,0.07841017551401307,0.5136620679586676,0.9720553131994638,turn angle,bend left vs bend right,speed change
PR(>F),6.371467837394452e-34,0.10112007433353845,0.11360036195396894,0.19564678399830876,0.8579449135572541,0.04926939263568859,0.949659404361908,0.6444888307204208,turn dur,bend left vs bend right,speed change
PR(>F),3.49646047515194e-19,0.28876547615994186,0.799272604721908,0.05050752717027956,0.9474176454492486,0.6693393541665604,0.8670038050414747,0.8266675526247245,turn angular velocity,bend left vs bend right,speed change
PR(>F),9.179971718994748e-19,0.049127399881773566,0.5819678776945962,0.2974232181550575,0.3099807835610165,0.4140564477195875,0.7069081421050768,0.930636593140097,bend angle reached,bend left vs bend right,speed change
PR(>F),2.5872525616215365e-17,0.5086806609221657,0.9791386803049567,0.05234830098841516,0.8870262538287248,0.7945619581330373,0.9885243338186152,0.9865837304867118,bend angle traveled,bend left vs bend right,speed change
PR(>F),2.9966076817241747e-19,0.8974057114506097,0.7344042264619886,0.034168688234468274,0.6838421857588497,0.9359226330032062,0.9925104752053231,0.9731321496123575,bend angular velocity,bend left vs bend right,speed change
PR(>F),9.750425216943992e-28,0.5975908562362345,0.6758126705579375,0.7456063028840674,0.5241163037223495,0.9881167203779818,0.887970962685002,0.9872325879824979,bend dur,bend left vs bend right,speed change
PR(>F),2.5587588298662003e-17,0.07777506669321982,0.706799214224181,0.5578320191004744,0.46590283563889534,0.7631299756392697,0.7941367379448185,0.9402331057032709,bend pos,bend left vs bend right,speed change
PR(>F),3.9811036276344626e-15,0.3578709847285588,0.6542340962827935,0.22903389486371514,0.9893956953435116,0.9171584801139107,0.9917600735383353,0.999782006148882,current speed,bend left vs bend right,velocity change
PR(>F),1.780055685772745e-12,0.19951746611556373,0.7134699681051917,0.05453711366296726,0.6634887352134899,0.8213126785007029,0.9874499390142056,0.9530048350513757,step length,bend left vs bend right,velocity change
PR(>F),1.5458899406262552e-16,0.16666486019458904,0.33474276154879123,4.4460484145564443e-05,0.8848481529083954,0.4988024959370809,0.7169268950490791,0.8909836583442485,speed change,bend left vs bend right,velocity change
PR(>F),5.99893083996718e-16,0.21666028275441337,0.10787959322004839,0.008742155531749675,0.21718958169949246,0.9214803674247776,0.5903954976753529,0.7212282065166391,accel,bend left vs bend right,velocity change
PR(>F),1.0381025131495178e-18,0.23619228042423973,0.9434398648645631,0.29066388866481674,0.5183028205892086,0.9717205859234022,0.9407072335034332,0.9425703593846915,step dur,bend left vs bend right,velocity change
PR(>F),2.329923470618965e-22,0.13816381079965998,0.5550885759952646,2.9292524158186842e-05,0.39519216042231,0.6795150553496028,0.6679190761866752,0.7987068264001724,bend angle reached,bend left vs bend right,velocity change
PR(>F),1.4752180137762103e-19,0.6077456738661382,0.8289616482920615,0.00040222771844937975,0.7227303037981363,0.8667885601475283,0.9605011320867723,0.9755912240011597,bend angle traveled,bend left vs bend right,velocity change
PR(>F),2.284960031573437e-20,0.9122918145132788,0.9684657093881905,0.0016890904817829463,0.5598925187519468,0.9787391358761294,0.9526470433871435,0.8208951480304152,bend angular velocity,bend left vs bend right,velocity change
PR(>F),1.6961428101594928e-30,0.5949550812720439,0.2943627945867322,0.01583879791011052,0.2540492243465908,0.9666761691193142,0.7037002041446878,0.8811838031013041,bend dur,bend left vs bend right,velocity change
PR(>F),5.848193457473717e-20,0.2040869835175247,0.6516711726004148,0.002032428014847412,0.748701652131817,0.8968030396462363,0.6826067924530295,0.8509339052329403,bend pos,bend left vs bend right,velocity change
PR(>F),4.786844061880253e-14,0.6016723204083745,0.6197500587718043,0.5311810070998726,0.9222818286350296,0.9602974955765452,0.9038970373862794,0.9887007915068343,current speed,bend left vs bend right,accel
PR(>F),1.5016656511044199e-10,0.3836765335194091,0.858538548140428,0.19809369716784572,0.7473450021082696,0.8950158793334769,0.934921316270122,0.9686980493142389,step length,bend left vs bend right,accel
PR(>F),5.807866241032156e-15,0.3812731496057242,0.5897080906804204,7.634709409309893e-05,0.9422795188647625,0.9195058203997694,0.9263788328972626,0.9860750086104373,speed change,bend left vs bend right,accel
PR(>F),1.4745272734185922e-10,0.2538177144520185,0.5234321535651947,0.017147482424538587,0.697172112486828,0.764601467499676,0.6647161592019637,0.8789303758259122,velocity change,bend left vs bend right,accel
PR(>F),1.4093176099133008e-17,0.2146209445669061,0.8401078568793969,0.6385009231829175,0.8048276737209307,0.936891256567802,0.9884638557112977,0.979580763373445,step dur,bend left vs bend right,accel
PR(>F),2.250333693031628e-11,0.20962940134508604,0.7556888155803427,0.22269633955639295,0.48410983851232003,0.3237484358307692,0.6402456359695095,0.7144469394129018,turn angle,bend left vs bend right,accel
PR(>F),1.576770384047031e-31,0.4911553103416961,0.9282823799522761,0.473991425973717,0.785462383102833,0.2727753939044064,0.3964666321496383,0.8020778124237362,turn dur,bend left vs bend right,accel
PR(>F),7.759279065776006e-18,0.7789934666192045,0.842660692381846,0.15198031330119613,0.8238819080650088,0.8875638072937032,0.9503133883493734,0.9610352510676502,turn angular velocity,bend left vs bend right,accel
PR(>F),3.902925891321771e-18,0.12332026508431485,0.765888012558625,0.33416914113518253,0.2859313832445628,0.5572415125072355,0.8134660370432238,0.8631489831209498,bend angle reached,bend left vs bend right,accel
PR(>F),2.70941027837891e-16,0.6451036229732594,0.620924487042239,0.2091016168005714,0.9649315174562281,0.8259395660332616,0.8378565362281232,0.9301760705842607,bend angle traveled,bend left vs bend right,accel
PR(>F),1.3232185245966124e-18,0.7131861198242428,0.5949135402129864,0.08383784185095926,0.9941736026426865,0.9875612366140188,0.9506179034156219,0.9599197395705936,bend angular velocity,bend left vs bend right,accel
PR(>F),1.663242306291397e-29,0.36781629665453186,0.8239533820659399,0.8632877514163536,0.5484946375695725,0.6332178878667288,0.4423410667799489,0.9487659649459034,bend dur,bend left vs bend right,accel
PR(>F),2.948245883683615e-17,0.09644598685215112,0.8031430982417063,0.4747672316874566,0.44695131441358105,0.7334206381807465,0.7535052040770085,0.9604596130190763,bend pos,bend left vs bend right,accel
PR(>F),4.1454302179876776e-13,0.4826773991220029,0.6511542609319615,0.896366429268903,0.9093333391839626,0.9799416447963911,0.974935001818966,0.9746922707511678,current speed,bend left vs bend right,step dur
PR(>F),4.002108491191908e-14,0.16745268875942962,0.8053122716203388,0.0013104683760330586,0.741628638758193,0.8991930558927582,0.994127859315313,0.9711028693130533,step length,bend left vs bend right,step dur
PR(>F),2.6993674352081527e-11,0.3359309940243109,0.7682783752808502,0.4135444258551293,0.8724389042714018,0.9298187829830351,0.991749800170263,0.9601037321913034,speed change,bend left vs bend right,step dur
PR(>F),4.768460634678043e-07,0.6122415188552028,0.7038111124337461,0.9184997130650046,0.7111604078418587,0.8634518083473796,0.9488208679113127,0.8854526061963374,velocity change,bend left vs bend right,step dur
PR(>F),1.0797322365398752e-10,0.4594334016880378,0.7930862404651972,0.8198794833859953,0.6116908784298345,0.9407970670604432,0.8721759559137963,0.9931966145754928,accel,bend left vs bend right,step dur
PR(>F),1.475987277427659e-06,0.6342178125816864,0.03629860899262995,0.12775706896182884,0.21905707987727097,0.5668061072145345,0.5195852469316422,0.25925940885942195,turn angle,bend left vs bend right,step dur
PR(>F),2.9140921540661425e-29,0.2699746940522907,0.027046019144767952,0.03040879830457114,0.23525464831163434,0.5922631124401312,0.4321076079122953,0.09150664365257001,turn dur,bend left vs bend right,step dur
PR(>F),2.069693324832811e-18,0.20550284397825058,0.7051288578552921,0.7491009285876418,0.9553725815030918,0.4222256893848716,0.9368696491605348,0.9453639601723758,turn angular velocity,bend left vs bend right,step dur
PR(>F),9.379895258415077e-16,0.6674491591965517,0.3683452396882282,0.8556591277409068,0.87352049198158,0.9071631763867591,0.6914040914788333,0.6338685006429693,bend angle reached,bend left vs bend right,step dur
PR(>F),1.0163875219820768e-13,0.6811133606109838,0.3856159363095827,0.977659801003861,0.32778682272802817,0.8174403859359143,0.6615682193874436,0.7368164441299232,bend angle traveled,bend left vs bend right,step dur
PR(>F),9.447116102805523e-16,0.6460200345764004,0.8224505676760316,0.9983111017613583,0.595100971409867,0.7864350148108135,0.873155366984472,0.8908055805385731,bend angular velocity,bend left vs bend right,step dur
PR(>F),3.899063134469193e-28,0.8539221489760442,0.09216423581358521,0.1066326033955236,0.20849021700437573,0.796377718037475,0.6332634039162244,0.7451716922722637,bend dur,bend left vs bend right,step dur
PR(>F),7.755761743593396e-16,0.2491774057804354,0.7668997719075713,0.9379126926543682,0.6952025093071199,0.9746604763854048,0.9315229342853535,0.9719103709016109,bend pos,bend left vs bend right,step dur
PR(>F),2.0218888743229936e-12,0.3449318077773409,0.8542637921492295,0.9384005044231852,0.8273091155779844,0.9575272270359463,0.8674954290914649,0.988887374624051,current speed,bend left vs bend right,turn angle
PR(>F),1.8510341707249595e-07,0.37953495126590786,0.7003706214631811,0.4988924835669962,0.5458026065581885,0.9911603677162397,0.7265781476452037,0.8945759753893926,step length,bend left vs bend right,turn angle
PR(>F),9.465441197085971e-11,0.18444195491097018,0.7742669556563808,0.9044120343029582,0.7028548112545715,0.6038673875215734,0.6403821903063228,0.8985167980883902,speed change,bend left vs bend right,turn angle
PR(>F),3.404566546657486e-11,0.28854267914184756,0.49741333899913387,0.04081405885458118,0.7005890739394889,0.7550613870203076,0.7475591019760008,0.9642361471277842,velocity change,bend left vs bend right,turn angle
PR(>F),4.803209991582489e-13,0.09555378476291777,0.16387977661406336,0.5452941939403624,0.5398000118463516,0.5278728687853784,0.7898620393055394,0.9995447166545428,accel,bend left vs bend right,turn angle
PR(>F),3.556952542354857e-15,0.6997117411444647,0.7457207959949135,0.28784319616733484,0.4068291785429464,0.7142754418526576,0.9322669385247166,0.870593392626364,step dur,bend left vs bend right,turn angle
PR(>F),5.936445418399462e-38,0.800939318703095,0.635998818997371,5.425224440399947e-15,0.7670324971869169,0.9023804948130264,0.51491503744199,0.8255812627300109,turn dur,bend left vs bend right,turn angle
PR(>F),3.0894100413536504e-15,0.4376118572716182,0.872586820962826,0.275252550110298,0.8790605556369117,0.5450724712805954,0.8136119039393352,0.9738904926489149,turn angular velocity,bend left vs bend right,turn angle
PR(>F),2.684485414291752e-29,0.19710096941971067,0.5756174302624862,5.7017330825117854e-11,0.29088221854286406,0.732074573824187,0.6469308661590579,0.8678248517515559,bend angle reached,bend left vs bend right,turn angle
PR(>F),2.1693596435012973e-21,0.3796055512802702,0.8040789572130652,0.00017537058556175398,0.975710657269818,0.5558746768261112,0.6812688843681077,0.9028658335345031,bend angle traveled,bend left vs bend right,turn angle
PR(>F),1.2576287790593559e-20,0.8095751297620072,0.9128078648571462,0.08226118932016797,0.5738027416597301,0.9256752620726877,0.6486860571110954,0.9977830966195982,bend angular velocity,bend left vs bend right,turn angle
PR(>F),1.3296491320338487e-37,0.045188989799520754,0.9659318478736075,9.044430045530978e-07,0.8691622971117421,0.1724168751039714,0.031151077249168956,0.4139178751385124,bend dur,bend left vs bend right,turn angle
PR(>F),5.270813923818552e-25,0.2542114619452294,0.6688851550412649,8.852016664590133e-06,0.472750277055758,0.8976274704834442,0.4917386540124129,0.7972861624124205,bend pos,bend left vs bend right,turn angle
PR(>F),3.3005407995470407e-12,0.3827075337580528,0.9478247752636713,0.8573341511335468,0.9960501416134909,0.9748637769841036,0.9482750713910384,0.9857993304339984,current speed,bend left vs bend right,turn dur
PR(>F),5.792165081875198e-07,0.3551277394020588,0.8261886163782791,0.39964926795039957,0.7802851457181823,0.9810973277140266,0.873238550923155,0.989955757259194,step length,bend left vs bend right,turn dur
PR(>F),2.595419877710607e-09,0.21027347301704327,0.7763558254590021,0.44903156656512677,0.8593069191418636,0.8930434563621265,0.6729870349883056,0.9711908451537402,speed change,bend left vs bend right,turn dur
PR(>F),3.4347515408102257e-10,0.32884501905049923,0.873215455389545,0.22105739675636848,0.9672714967199469,0.8724627826654533,0.7008355581766084,0.9296833859590563,velocity change,bend left vs bend right,turn dur
PR(>F),1.0466073788239193e-12,0.15701967982386986,0.08261872025793625,0.34915468406150635,0.5004661267149308,0.7352967601658706,0.37247931955638564,0.7606614267032743,accel,bend left vs bend right,turn dur
PR(>F),4.96398799175946e-15,0.5875133047456831,0.6539164731775404,0.2845255308880208,0.5261771421971501,0.7399285277548677,0.935168234158624,0.9381914276828149,step dur,bend left vs bend right,turn dur
PR(>F),1.802839193775078e-19,0.5036616380150355,0.9867542066081215,3.209163820878757e-09,0.6292732850726666,0.655965122754795,0.6706402815952732,0.670937026315088,turn angle,bend left vs bend right,turn dur
PR(>F),1.1891241202613744e-16,0.27548032256103755,0.7654207988206029,0.018057094152246884,0.7761560595864035,0.6288239621815266,0.8078113726298465,0.7034292414492982,turn angular velocity,bend left vs bend right,turn dur
PR(>F),6.749959176386489e-28,0.2983444080903346,0.37444009249234755,1.4620206402289792e-07,0.21597484184971896,0.8858659708003634,0.7041148305729148,0.7475292418954462,bend angle reached,bend left vs bend right,turn dur
PR(>F),1.700695564697721e-20,0.38654308034052254,0.6136746328881589,0.0017525627985043022,0.7712045635101556,0.65150775129726,0.699321697856836,0.7831251225164815,bend angle traveled,bend left vs bend right,turn dur
PR(>F),1.976303789078769e-19,0.9684075569221104,0.8204138557129115,0.30166662118924237,0.8891384839551904,0.9249748511410867,0.8340969814263097,0.9385958640721085,bend angular velocity,bend left vs bend right,turn dur
PR(>F),1.8858773038546876e-37,0.1088469576676095,0.6487985942874863,1.5062265738101404e-06,0.970020282786531,0.502796404208666,0.42296886475932094,0.4421368645419007,bend dur,bend left vs bend right,turn dur
PR(>F),7.086365611774396e-24,0.3633624188581839,0.6796055416699098,0.0001685832640047889,0.422437388373488,0.9811274608903298,0.883516931817166,0.8357054250954195,bend pos,bend left vs bend right,turn dur
PR(>F),4.8017322487499855e-14,0.3904112316260132,0.6741992152912288,0.5243775494941385,0.8569741485498046,0.9533149948047196,0.9863086610781604,0.9872050112034644,current speed,bend left vs bend right,turn angular velocity
PR(>F),5.3700729978819615e-11,0.18778534619118267,0.6268396674889474,0.22577968425342873,0.8359731765306306,0.8641796018167889,0.9107356176766873,0.9990112545246177,step length,bend left vs bend right,turn angular velocity
PR(>F),1.527489801996868e-13,0.26129158207082187,0.7116719142878466,0.02424659219730695,0.9684777326887611,0.809653024101588,0.8889661658903117,0.9521900285822,speed change,bend left vs bend right,turn angular velocity
PR(>F),1.60144328180253e-10,0.34148081997990043,0.8942726044873703,0.06306086379501175,0.7931524938011675,0.8070359734621515,0.9749839985311333,0.9897778282532076,velocity change,bend left vs bend right,turn angular velocity
PR(>F),7.7977901625972e-14,0.28243399989327134,0.44843550036178736,0.24913449476916869,0.26305534466797464,0.8827415003235154,0.6483785333188714,0.8754420355621544,accel,bend left vs bend right,turn angular velocity
PR(>F),1.8099146823382173e-18,0.15387933196790582,0.8586694204036487,0.6612902930142948,0.7271289368645161,0.902287455163369,0.9328350610260283,0.9682289793570588,step dur,bend left vs bend right,turn angular velocity
PR(>F),5.4918694704570225e-12,0.6563200873310124,0.34779540930104924,0.13452284244720705,0.6311148851169472,0.8133092702305466,0.9981982249435762,0.7885064462315532,turn angle,bend left vs bend right,turn angular velocity
PR(>F),2.0667745799094122e-29,0.5923276248032812,0.3717938759935665,0.002130167969850373,0.9663887543501158,0.3318494478190433,0.9105451205494741,0.8981298597434602,turn dur,bend left vs bend right,turn angular velocity
PR(>F),4.73347166108514e-23,0.3000054354379193,0.9683615706070795,0.06842088326980456,0.7807032540196567,0.8856016030702571,0.9914505301873823,0.9545190232488541,bend angle reached,bend left vs bend right,turn angular velocity
PR(>F),5.6233638862043996e-18,0.6309219246671636,0.9430491553322744,0.17482621747419935,0.6274675292876097,0.8402055282044325,0.965681794603862,0.9862815095971034,bend angle traveled,bend left vs bend right,turn angular velocity
PR(>F),3.384047211769229e-20,0.6972248935001003,0.7639431547581316,0.046110999387501725,0.38019250044228503,0.977791201031964,0.9775421139281266,0.8843839417661093,bend angular velocity,bend left vs bend right,turn angular velocity
PR(>F),7.80940991758061e-34,0.16863261660844095,0.20445455291181203,0.7506592282962279,0.27239464239816125,0.5438964154297817,0.9801654567460897,0.9642641205646181,bend dur,bend left vs bend right,turn angular velocity
PR(>F),6.489735036831517e-20,0.42279961219780027,0.7763453888075337,0.4058831521326418,0.9383921114967096,0.9953241007066818,0.9987945472415198,0.9363495232216852,bend pos,bend left vs bend right,turn angular velocity
PR(>F),2.093739334693308e-12,0.3232388790732478,0.915562906787502,0.9037621674966798,0.9447608430812294,0.931425304466476,0.8781509890667233,0.9987849856427776,current speed,bend left vs bend right,bend angle reached
PR(>F),8.390646796453424e-08,0.35265984503027903,0.5885099886910375,0.5081254339066446,0.48744726331245136,0.9858829520670667,0.7140159821273121,0.8548775899818076,step length,bend left vs bend right,bend angle reached
PR(>F),1.0026135464358175e-10,0.17856538975494937,0.9671521520024666,0.8022251857937501,0.9892573612315796,0.7979452296856484,0.7059682795837011,0.9392025825318974,speed change,bend left vs bend right,bend angle reached
PR(>F),5.617728915067964e-10,0.22480298113594413,0.6298226473013755,0.033391755314475774,0.8893207409457223,0.826897007740217,0.8043206280125782,0.9387606643342901,velocity change,bend left vs bend right,bend angle reached
PR(>F),5.357500948386918e-12,0.14362340149886924,0.17232141467551582,0.4775708170425378,0.5148291138236457,0.6474238348001868,0.5922284528216457,0.8595398783740565,accel,bend left vs bend right,bend angle reached
PR(>F),9.33180878318742e-16,0.6501696746899235,0.4714172015016703,0.2912686746249432,0.22494754325746552,0.7414774499904931,0.7688792870254779,0.6465066795975103,step dur,bend left vs bend right,bend angle reached
PR(>F),1.0892208453547345e-18,0.2134617011204341,0.7577985050381064,3.089922227445511e-09,0.5588349448273702,0.4103783903282606,0.6874336235641625,0.825036279921263,turn angle,bend left vs bend right,bend angle reached
PR(>F),5.143817867302033e-39,0.670570045790952,0.6482484538713957,4.976316054132733e-12,0.32493448535450864,0.5655483739806308,0.43098695455638913,0.33856253989163704,turn dur,bend left vs bend right,bend angle reached
PR(>F),1.1300906932650214e-12,0.6182633647242095,0.9218792227094262,0.5567293181240947,0.7242797978420814,0.9310126924280153,0.38165988711240995,0.6657958008150293,turn angular velocity,bend left vs bend right,bend angle reached
PR(>F),4.9992465789640514e-20,0.4605915079786439,0.9632146350834856,8.426828210027633e-05,0.9827762852242029,0.7582496613550667,0.9249993604270336,0.93601937605858,bend angle traveled,bend left vs bend right,bend angle reached
PR(>F),1.2877332462850193e-19,0.711576228329643,0.8496253430201779,0.008960973302607856,0.7709140601531299,0.9895641096443596,0.8558636678140882,0.9938765222267617,bend angular velocity,bend left vs bend right,bend angle reached
PR(>F),1.0818900715664343e-35,0.08562620423086499,0.8609571105641728,5.368090625045689e-07,0.9754040093019248,0.35396962091204226,0.4235070219174276,0.6108566296210876,bend dur,bend left vs bend right,bend angle reached
PR(>F),2.967596935388661e-23,0.32338558820372043,0.8776348556250557,2.749409869119057e-07,0.5433837066031396,0.9394070361171495,0.5596882137422117,0.9316461223080489,bend pos,bend left vs bend right,bend angle reached
PR(>F),1.816144631115893e-13,0.37847310515037125,0.8210869470474185,0.8105782749974255,0.8622068292029227,0.9835860713487129,0.9816404588843296,0.9673127552901599,current speed,bend left vs bend right,bend angle traveled
PR(>F),9.559898090437812e-10,0.4433888048378225,0.8950663637905816,0.32045264954273706,0.433949047044891,0.8945236239393267,0.8929468593796415,0.7642675139861655,step length,bend left vs bend right,bend angle traveled
PR(>F),5.991700008550589e-13,0.3581269170525244,0.8335438341872452,0.026696334411792588,0.7003192231003853,0.9256777836988539,0.9346812343267789,0.8687912247985234,speed change,bend left vs bend right,bend angle traveled
PR(>F),2.180934024944358e-10,0.2421689451689517,0.6750760969543099,0.009593333491684791,0.8193570799078074,0.8415995967833603,0.8746658338017751,0.949216214052274,velocity change,bend left vs bend right,bend angle traveled
PR(>F),8.241102536258373e-13,0.10765865968692784,0.11337840146483348,0.12701787173756635,0.43283441504560316,0.6580520305733288,0.5527976457933859,0.8620693477124821,accel,bend left vs bend right,bend angle traveled
PR(>F),1.0698225561675865e-17,0.5030085104902311,0.6959832227785173,0.33328188303260003,0.321791847906743,0.809992668252369,0.8460654169419533,0.5794933271203673,step dur,bend left vs bend right,bend angle traveled
PR(>F),6.083461363908745e-17,0.07327505740535366,0.3507959844988908,4.2694684138716015e-07,0.2606136563592606,0.10354557541889654,0.6246830323070292,0.43347442397314995,turn angle,bend left vs bend right,bend angle traveled
PR(>F),1.5248401881642434e-39,0.22524182957439068,0.5964066498416398,1.1874480368869596e-10,0.26642608012600694,0.08858078198397096,0.2679549333691988,0.2503412821038495,turn dur,bend left vs bend right,bend angle traveled
PR(>F),2.790678267003368e-19,0.32893802024426133,0.9142919449784426,0.3911041950249863,0.4668561196120846,0.7211341670477989,0.8986214400368577,0.5944057950279382,turn angular velocity,bend left vs bend right,bend angle traveled
PR(>F),4.0126613621779884e-24,0.17542050820044763,0.9450438561288359,1.304900571030743e-07,0.33607826909301397,0.7176282903199828,0.8256737691235697,0.934035106578494,bend angle reached,bend left vs bend right,bend angle traveled
PR(>F),7.959938927498005e-21,0.3642032909510302,0.736618269226448,0.000270431459532553,0.5470403540543628,0.768865385178792,0.944655939347852,0.929781541762945,bend angular velocity,bend left vs bend right,bend angle traveled
PR(>F),9.039429690851202e-36,0.26482010148174195,0.2603783942649945,2.95630808115546e-10,0.734454487355086,0.7430879675279111,0.9162279973330281,0.8687894784548091,bend dur,bend left vs bend right,bend angle traveled
PR(>F),2.459921182217891e-22,0.25862316290311316,0.8304126282053185,3.502830272248091e-05,0.7755540507447929,0.9248963419404178,0.9410157203983651,0.956202054495155,bend pos,bend left vs bend right,bend angle traveled
PR(>F),2.987971387596377e-14,0.3811153932749277,0.7538824124459409,0.42768065939677957,0.8971531521083521,0.9597610932489468,0.9951466928969198,0.9908021784243815,current speed,bend left vs bend right,bend angular velocity
PR(>F),4.381235211208022e-10,0.41661718101582923,0.9233130139292165,0.27366482565559996,0.4129062439508132,0.9535317145571088,0.9319088044030454,0.7823090824578262,step length,bend left vs bend right,bend angular velocity
PR(>F),1.405293375243129e-13,0.47026896043566846,0.7219734594064142,0.007135988559171635,0.6552525432996712,0.8632444575348907,0.9139283679036958,0.8481038131640872,speed change,bend left vs bend right,bend angular velocity
PR(>F),1.8633707509649814e-10,0.26429118283040903,0.6907950719294187,0.007647808722580971,0.9209148965448564,0.8542497203498575,0.9484416260851495,0.9929157431808363,velocity change,bend left vs bend right,bend angular velocity
PR(>F),8.603707232519048e-14,0.1577076579184359,0.13096730445031646,0.02512497433556519,0.2770207440175524,0.7837211371927986,0.6043339190415662,0.7032108178806762,accel,bend left vs bend right,bend angular velocity
PR(>F),1.579499965188393e-16,0.5091523848971842,0.6432758783139813,0.6695780789310475,0.25724433278769077,0.866343307479823,0.9295177857961874,0.6804758440652771,step dur,bend left vs bend right,bend angular velocity
PR(>F),2.6304184289644796e-14,0.11745506524312502,0.2503199617849858,0.0003034798403064168,0.1882283740405014,0.2404059822267426,0.7645501956331913,0.3397686139240672,turn angle,bend left vs bend right,bend angular velocity
PR(>F),2.8680398781241424e-36,0.4075575773477216,0.6226190642666065,2.7247226091195077e-05,0.27205796841355073,0.27089408795769504,0.3256920001955746,0.2827524319782319,turn dur,bend left vs bend right,bend angular velocity
PR(>F),7.316845084325327e-20,0.4915362466319868,0.7831863121505571,0.1876851960377871,0.6425570744837985,0.5378037544304769,0.7938053132539411,0.5955088445669239,turn angular velocity,bend left vs bend right,bend angular velocity
PR(>F),3.32288657612968e-22,0.09329379403889387,0.7441802879945609,4.7965352334864e-06,0.20171206517344706,0.57199113190191,0.785575663073359,0.7650190310050167,bend angle reached,bend left vs bend right,bend angular velocity
PR(>F),1.1634928686953634e-19,0.8095684470709648,0.9407102270981821,7.920390069823225e-05,0.7895447788335263,0.9693431663249898,0.9901625865382104,0.958567648906925,bend angle traveled,bend left vs bend right,bend angular velocity
PR(>F),4.908866728453616e-32,0.2363127567921093,0.5376250854946696,0.02093186582440241,0.6255995150450586,0.5863791011231834,0.8142323676850719,0.6893536101418356,bend dur,bend left vs bend right,bend angular velocity
PR(>F),2.7730071745819555e-21,0.12889683738085797,0.6875324849494046,0.00014958519575949549,0.5313337964991676,0.8939651287976519,0.648981154824561,0.8120356023299282,bend pos,bend left vs bend right,bend angular velocity
PR(>F),6.528773178595762e-13,0.5009400039524221,0.7084304263741191,0.9650884105318887,0.8514880905699533,0.9873318014129575,0.9989205089208366,0.9843274017785288,current speed,bend left vs bend right,bend dur
PR(>F),1.349956022043343e-08,0.46365683553977144,0.9708222693224405,0.8053328143867287,0.6674780442507544,0.9514092958390649,0.961413783727489,0.9637356772653107,step length,bend left vs bend right,bend dur
PR(>F),2.532347103703706e-09,0.3788352692536203,0.7175506934012288,0.7086147462630137,0.9011548096070902,0.9767809632473823,0.9986205534461832,0.9827330738893238,speed change,bend left vs bend right,bend dur
PR(>F),8.918447368938525e-09,0.2413128709064642,0.9932514883043773,0.41815623604469854,0.8414191486238907,0.8826259236749072,0.7565463494518565,0.8031807478319939,velocity change,bend left vs bend right,bend dur
PR(>F),1.7031769935743174e-11,0.13506278681898168,0.14203266997311312,0.7836763029109228,0.2821324655998017,0.7688042782906267,0.6484599784622197,0.770283309299256,accel,bend left vs bend right,bend dur
PR(>F),6.966966759712194e-18,0.5471932953814598,0.707840768412409,0.5621112250887387,0.5486330159571742,0.8079141723565794,0.9335632767282271,0.9619780985721968,step dur,bend left vs bend right,bend dur
PR(>F),3.9315577689894825e-14,0.10076318058257534,0.802444205308517,0.00024823332679436316,0.49869063844422845,0.16539882113193416,0.23585664651932714,0.4378181541933859,turn angle,bend left vs bend right,bend dur
PR(>F),1.9156824048292544e-34,0.6228458738698461,0.4682922369172302,3.683210247515144e-06,0.8489682064383781,0.5042664654166455,0.7428530189275047,0.7831649067079215,turn dur,bend left vs bend right,bend dur
PR(>F),5.1849550260790465e-17,0.22843637772956,0.6847878433213823,0.5776016647799962,0.7337002997312312,0.5172200043782353,0.5346179637165164,0.2089746770404636,turn angular velocity,bend left vs bend right,bend dur
PR(>F),2.9268315307792976e-22,0.0976605752621667,0.8768247570910097,0.0002975251255572,0.24451630878844827,0.5951868999270524,0.7548649873516297,0.8126732619406892,bend angle reached,bend left vs bend right,bend dur
PR(>F),8.525410025915203e-20,0.5607761127771638,0.8179878608842635,0.00024048921763825557,0.9106511347101593,0.8404807588297036,0.9305552582300213,0.8923441475768817,bend angle traveled,bend left vs bend right,bend dur
PR(>F),1.2478816147283867e-17,0.8112214960340098,0.8303812533996299,0.3910590035882757,0.6402958466129878,0.9997022977845809,0.9938919198813717,0.7963889869259798,bend angular velocity,bend left vs bend right,bend dur
PR(>F),2.196563336128044e-20,0.14648198467458495,0.9448204085209666,0.007780527311529833,0.4068522532605985,0.9254944180300233,0.9865737678607857,0.9502676461947044,bend pos,bend left vs bend right,bend dur
PR(>F),1.1439869157227812e-12,0.4280467391537224,0.9730451450576052,0.8568068579050778,0.837575842925049,0.9293959416942073,0.9407160734637294,0.9772849032776265,current speed,bend left vs bend right,bend pos
PR(>F),7.034799433293303e-08,0.4953242074890195,0.8276785666029927,0.47644928246107443,0.5091267550869965,0.8502889436626648,0.8912615612168638,0.8707029607612113,step length,bend left vs bend right,bend pos
PR(>F),7.877697026094614e-10,0.37735886845269273,0.9074613116222888,0.7316854234219727,0.7694570852058773,0.9732902109469345,0.7829051854121732,0.925169662685329,speed change,bend left vs bend right,bend pos
PR(>F),1.4076024241382967e-09,0.3453126229124275,0.6517882246466321,0.09270070352428884,0.855769094797885,0.9672926085765183,0.7906768197690694,0.9303752599489857,velocity change,bend left vs bend right,bend pos
PR(>F),2.925508688961185e-12,0.21505546423534805,0.13802385146881418,0.3542180409809725,0.46618667796703595,0.8165874524174397,0.6276418606957576,0.9587642709082653,accel,bend left vs bend right,bend pos
PR(>F),3.1161087633852764e-16,0.6538985242742852,0.9028661833049709,0.4491078824214292,0.43846618868844545,0.7533581768055458,0.9935056575575325,0.8988407230957997,step dur,bend left vs bend right,bend pos
PR(>F),1.5217565688035504e-16,0.2465622593732448,0.6343577232743729,3.173516189092205e-07,0.5771647628731682,0.4443350195068704,0.7307304753857118,0.34523367448690484,turn angle,bend left vs bend right,bend pos
PR(>F),4.7368614072497004e-39,0.47853051045558637,0.4576742179355675,1.3279641070738424e-11,0.45212468384011373,0.4055099058003573,0.41123478737226504,0.2814392537955821,turn dur,bend left vs bend right,bend pos
PR(>F),7.32441150954013e-18,0.3336648160421788,0.6993374453413422,0.7302021320449714,0.8454292745949965,0.4935214528500389,0.8087259521317827,0.16943448495566443,turn angular velocity,bend left vs bend right,bend pos
PR(>F),4.0288833214975022e-25,0.3799722208825773,0.888501281667054,5.508167191114176e-09,0.3698590635058353,0.850189935074943,0.6625629205240617,0.8796239330812129,bend angle reached,bend left vs bend right,bend pos
PR(>F),5.14803899437246e-19,0.7053027696554682,0.9904717078495646,0.000711306496372347,0.7941434905528024,0.9352774226561441,0.9340455221283674,0.9473767646927888,bend angle traveled,bend left vs bend right,bend pos
PR(>F),1.5039515417544415e-19,0.6679664473774767,0.9940849934144109,0.01595636773986731,0.5674416335141355,0.9701184580628675,0.8967931565586623,0.8352039561761694,bend angular velocity,bend left vs bend right,bend pos
PR(>F),6.013599809325507e-34,0.1719151515781018,0.7121113323624004,4.469459446525506e-06,0.9942802637687177,0.5736538175297841,0.7209329017782771,0.6416262988102749,bend dur,bend left vs bend right,bend pos
